2026-08-15T22:19:05.479+0800 [INFO]  Terraform version: 1.15.8
2026-08-15T22:19:05.514+0800 [DEBUG] using github.com/hashicorp/go-tfe v1.105.0
2026-08-15T22:19:05.515+0800 [DEBUG] using github.com/hashicorp/hcl/v2 v2.24.0
2026-08-15T22:19:05.515+0800 [DEBUG] using github.com/hashicorp/terraform-svchost v0.2.1
2026-08-15T22:19:05.515+0800 [DEBUG] using github.com/zclconf/go-cty v1.18.0
2026-08-15T22:19:05.515+0800 [INFO]  Go runtime version: go1.25.10
2026-08-15T22:19:05.515+0800 [INFO]  CLI args: []string{"C:\\Program Files\\Terraform\\terraform.exe", "init"}
2026-08-15T22:19:05.518+0800 [DEBUG] Attempting to open CLI config file: C:\Users\hp\AppData\Roaming\terraform.rc
2026-08-15T22:19:05.518+0800 [DEBUG] File doesn't exist, but doesn't need to. Ignoring.
2026-08-15T22:19:05.519+0800 [DEBUG] ignoring non-existing provider search directory terraform.d/plugins
2026-08-15T22:19:05.519+0800 [DEBUG] ignoring non-existing provider search directory C:\Users\hp\AppData\Roaming\terraform.d\plugins
2026-08-15T22:19:05.520+0800 [DEBUG] ignoring non-existing provider search directory C:\Users\hp\AppData\Roaming\HashiCorp\Terraform\plugins
2026-08-15T22:19:05.520+0800 [INFO]  CLI command args: []string{"init"}
2026-08-15T22:19:11.075+0800 [DEBUG] checking for provisioner in "."
2026-08-15T22:19:11.075+0800 [DEBUG] checking for provisioner in "C:\\Program Files\\Terraform"
2026-08-15T22:19:11.082+0800 [DEBUG] Starting graph walk: walkInit
2026-08-15T22:19:11.096+0800 [DEBUG] Service discovery for registry.terraform.io at https://registry.terraform.io/.well-known/terraform.json
2026-08-15T22:19:11.497+0800 [DEBUG] GET https://registry.terraform.io/v1/providers/hashicorp/aws/versions
2026-08-15T22:19:24.330+0800 [INFO]  Terraform version: 1.15.8
2026-08-15T22:19:24.362+0800 [DEBUG] using github.com/hashicorp/go-tfe v1.105.0
2026-08-15T22:19:24.362+0800 [DEBUG] using github.com/hashicorp/hcl/v2 v2.24.0
2026-08-15T22:19:24.362+0800 [DEBUG] using github.com/hashicorp/terraform-svchost v0.2.1
2026-08-15T22:19:24.362+0800 [DEBUG] using github.com/zclconf/go-cty v1.18.0
2026-08-15T22:19:24.362+0800 [INFO]  Go runtime version: go1.25.10
2026-08-15T22:19:24.362+0800 [INFO]  CLI args: []string{"C:\\Program Files\\Terraform\\terraform.exe", "fmt"}
2026-08-15T22:19:24.365+0800 [DEBUG] Attempting to open CLI config file: C:\Users\hp\AppData\Roaming\terraform.rc
2026-08-15T22:19:24.366+0800 [DEBUG] File doesn't exist, but doesn't need to. Ignoring.
2026-08-15T22:19:24.366+0800 [DEBUG] ignoring non-existing provider search directory terraform.d/plugins
2026-08-15T22:19:24.366+0800 [DEBUG] ignoring non-existing provider search directory C:\Users\hp\AppData\Roaming\terraform.d\plugins
2026-08-15T22:19:24.367+0800 [DEBUG] ignoring non-existing provider search directory C:\Users\hp\AppData\Roaming\HashiCorp\Terraform\plugins
2026-08-15T22:19:24.367+0800 [INFO]  CLI command args: []string{"fmt"}
2026-08-15T22:19:48.185+0800 [INFO]  Terraform version: 1.15.8
2026-08-15T22:19:48.214+0800 [DEBUG] using github.com/hashicorp/go-tfe v1.105.0
2026-08-15T22:19:48.214+0800 [DEBUG] using github.com/hashicorp/hcl/v2 v2.24.0
2026-08-15T22:19:48.214+0800 [DEBUG] using github.com/hashicorp/terraform-svchost v0.2.1
2026-08-15T22:19:48.214+0800 [DEBUG] using github.com/zclconf/go-cty v1.18.0
2026-08-15T22:19:48.214+0800 [INFO]  Go runtime version: go1.25.10
2026-08-15T22:19:48.214+0800 [INFO]  CLI args: []string{"C:\\Program Files\\Terraform\\terraform.exe", "validate"}
2026-08-15T22:19:48.218+0800 [DEBUG] Attempting to open CLI config file: C:\Users\hp\AppData\Roaming\terraform.rc
2026-08-15T22:19:48.218+0800 [DEBUG] File doesn't exist, but doesn't need to. Ignoring.
2026-08-15T22:19:48.218+0800 [DEBUG] ignoring non-existing provider search directory terraform.d/plugins
2026-08-15T22:19:48.218+0800 [DEBUG] ignoring non-existing provider search directory C:\Users\hp\AppData\Roaming\terraform.d\plugins
2026-08-15T22:19:48.219+0800 [DEBUG] ignoring non-existing provider search directory C:\Users\hp\AppData\Roaming\HashiCorp\Terraform\plugins
2026-08-15T22:19:48.219+0800 [INFO]  CLI command args: []string{"validate"}
2026-08-15T22:19:48.222+0800 [DEBUG] Starting graph walk: walkInit
2026-08-15T22:19:53.676+0800 [DEBUG] checking for provisioner in "."
2026-08-15T22:19:53.676+0800 [DEBUG] checking for provisioner in "C:\\Program Files\\Terraform"
2026-08-15T22:19:53.685+0800 [DEBUG] created provider logger: level=debug
2026-08-15T22:19:53.687+0800 [INFO]  provider: configuring client automatic mTLS
2026-08-15T22:19:53.713+0800 [DEBUG] provider: starting plugin: path=.terraform/providers/registry.terraform.io/hashicorp/aws/6.58.0/windows_amd64/terraform-provider-aws_v6.58.0_x5.exe args=[".terraform/providers/registry.terraform.io/hashicorp/aws/6.58.0/windows_amd64/terraform-provider-aws_v6.58.0_x5.exe"]
2026-08-15T22:19:53.774+0800 [DEBUG] provider: plugin started: path=.terraform/providers/registry.terraform.io/hashicorp/aws/6.58.0/windows_amd64/terraform-provider-aws_v6.58.0_x5.exe pid=19224
2026-08-15T22:19:53.775+0800 [DEBUG] provider: waiting for RPC address: plugin=.terraform/providers/registry.terraform.io/hashicorp/aws/6.58.0/windows_amd64/terraform-provider-aws_v6.58.0_x5.exe
2026-08-15T22:19:54.392+0800 [DEBUG] provider.terraform-provider-aws_v6.58.0_x5.exe: Starting github.com/hashicorp/terraform-provider-aws@6.58.0 (go1.26.5)...
2026-08-15T22:19:54.392+0800 [DEBUG] provider.terraform-provider-aws_v6.58.0_x5.exe: Creating Terraform AWS Provider (SDKv2-style)...
2026-08-15T22:19:54.392+0800 [DEBUG] provider.terraform-provider-aws_v6.58.0_x5.exe: Initializing Terraform AWS Provider (SDKv2-style)...
2026-08-15T22:19:54.650+0800 [DEBUG] provider.terraform-provider-aws_v6.58.0_x5.exe: Creating Terraform AWS Provider (Framework-style)...
2026-08-15T22:19:54.660+0800 [DEBUG] provider.terraform-provider-aws_v6.58.0_x5.exe: Initializing Terraform AWS Provider (Framework-style)...
2026-08-15T22:19:54.721+0800 [INFO]  provider.terraform-provider-aws_v6.58.0_x5.exe: configuring server automatic mTLS: timestamp="2026-08-15T22:19:54.683+0800"
2026-08-15T22:19:54.747+0800 [DEBUG] provider.terraform-provider-aws_v6.58.0_x5.exe: plugin address: address=127.0.0.1:10000 network=tcp timestamp="2026-08-15T22:19:54.747+0800"
2026-08-15T22:19:54.749+0800 [DEBUG] provider: using plugin: version=5
2026-08-15T22:19:59.348+0800 [DEBUG] provider.stdio: received EOF, stopping recv loop: err="rpc error: code = Unavailable desc = error reading from server: EOF"
2026-08-15T22:19:59.461+0800 [INFO]  provider: plugin process exited: plugin=.terraform/providers/registry.terraform.io/hashicorp/aws/6.58.0/windows_amd64/terraform-provider-aws_v6.58.0_x5.exe id=19224
2026-08-15T22:19:59.461+0800 [DEBUG] provider: plugin exited
2026-08-15T22:19:59.462+0800 [DEBUG] Building and walking validate graph
2026-08-15T22:19:59.470+0800 [DEBUG] ProviderTransformer: "data.aws_caller_identity.nway-shoppingcart-console-admin" (*terraform.NodeValidatableResource) needs provider["registry.terraform.io/hashicorp/aws"]
2026-08-15T22:19:59.474+0800 [DEBUG] ReferenceTransformer: "data.aws_caller_identity.nway-shoppingcart-console-admin" references: []
2026-08-15T22:19:59.474+0800 [DEBUG] ReferenceTransformer: "provider[\"registry.terraform.io/hashicorp/aws\"]" references: []
2026-08-15T22:19:59.476+0800 [DEBUG] Starting graph walk: walkValidate
2026-08-15T22:19:59.478+0800 [DEBUG] created provider logger: level=debug
2026-08-15T22:19:59.478+0800 [INFO]  provider: configuring client automatic mTLS
2026-08-15T22:19:59.489+0800 [DEBUG] provider: starting plugin: path=.terraform/providers/registry.terraform.io/hashicorp/aws/6.58.0/windows_amd64/terraform-provider-aws_v6.58.0_x5.exe args=[".terraform/providers/registry.terraform.io/hashicorp/aws/6.58.0/windows_amd64/terraform-provider-aws_v6.58.0_x5.exe"]
2026-08-15T22:19:59.495+0800 [DEBUG] provider: plugin started: path=.terraform/providers/registry.terraform.io/hashicorp/aws/6.58.0/windows_amd64/terraform-provider-aws_v6.58.0_x5.exe pid=22732
2026-08-15T22:19:59.495+0800 [DEBUG] provider: waiting for RPC address: plugin=.terraform/providers/registry.terraform.io/hashicorp/aws/6.58.0/windows_amd64/terraform-provider-aws_v6.58.0_x5.exe
2026-08-15T22:19:59.658+0800 [DEBUG] provider.terraform-provider-aws_v6.58.0_x5.exe: Starting github.com/hashicorp/terraform-provider-aws@6.58.0 (go1.26.5)...
2026-08-15T22:19:59.659+0800 [DEBUG] provider.terraform-provider-aws_v6.58.0_x5.exe: Creating Terraform AWS Provider (SDKv2-style)...
2026-08-15T22:19:59.659+0800 [DEBUG] provider.terraform-provider-aws_v6.58.0_x5.exe: Initializing Terraform AWS Provider (SDKv2-style)...
2026-08-15T22:19:59.689+0800 [DEBUG] provider.terraform-provider-aws_v6.58.0_x5.exe: Creating Terraform AWS Provider (Framework-style)...
2026-08-15T22:19:59.689+0800 [DEBUG] provider.terraform-provider-aws_v6.58.0_x5.exe: Initializing Terraform AWS Provider (Framework-style)...
2026-08-15T22:19:59.728+0800 [INFO]  provider.terraform-provider-aws_v6.58.0_x5.exe: configuring server automatic mTLS: timestamp="2026-08-15T22:19:59.692+0800"
2026-08-15T22:19:59.743+0800 [DEBUG] provider.terraform-provider-aws_v6.58.0_x5.exe: plugin address: address=127.0.0.1:10000 network=tcp timestamp="2026-08-15T22:19:59.743+0800"
2026-08-15T22:19:59.743+0800 [DEBUG] provider: using plugin: version=5
2026-08-15T22:20:00.035+0800 [DEBUG] provider.stdio: received EOF, stopping recv loop: err="rpc error: code = Unavailable desc = error reading from server: EOF"
2026-08-15T22:20:00.085+0800 [INFO]  provider: plugin process exited: plugin=.terraform/providers/registry.terraform.io/hashicorp/aws/6.58.0/windows_amd64/terraform-provider-aws_v6.58.0_x5.exe id=22732
2026-08-15T22:20:00.085+0800 [DEBUG] provider: plugin exited
2026-08-15T22:20:11.578+0800 [INFO]  Terraform version: 1.15.8
2026-08-15T22:20:11.609+0800 [DEBUG] using github.com/hashicorp/go-tfe v1.105.0
2026-08-15T22:20:11.609+0800 [DEBUG] using github.com/hashicorp/hcl/v2 v2.24.0
2026-08-15T22:20:11.609+0800 [DEBUG] using github.com/hashicorp/terraform-svchost v0.2.1
2026-08-15T22:20:11.609+0800 [DEBUG] using github.com/zclconf/go-cty v1.18.0
2026-08-15T22:20:11.609+0800 [INFO]  Go runtime version: go1.25.10
2026-08-15T22:20:11.609+0800 [INFO]  CLI args: []string{"C:\\Program Files\\Terraform\\terraform.exe", "plan"}
2026-08-15T22:20:11.612+0800 [DEBUG] Attempting to open CLI config file: C:\Users\hp\AppData\Roaming\terraform.rc
2026-08-15T22:20:11.612+0800 [DEBUG] File doesn't exist, but doesn't need to. Ignoring.
2026-08-15T22:20:11.613+0800 [DEBUG] ignoring non-existing provider search directory terraform.d/plugins
2026-08-15T22:20:11.613+0800 [DEBUG] ignoring non-existing provider search directory C:\Users\hp\AppData\Roaming\terraform.d\plugins
2026-08-15T22:20:11.614+0800 [DEBUG] ignoring non-existing provider search directory C:\Users\hp\AppData\Roaming\HashiCorp\Terraform\plugins
2026-08-15T22:20:11.614+0800 [INFO]  CLI command args: []string{"plan"}
2026-08-15T22:20:17.866+0800 [DEBUG] checking for provisioner in "."
2026-08-15T22:20:17.866+0800 [DEBUG] checking for provisioner in "C:\\Program Files\\Terraform"
2026-08-15T22:20:17.877+0800 [INFO]  backend/local: starting Plan operation
2026-08-15T22:20:17.895+0800 [DEBUG] Starting graph walk: walkInit
2026-08-15T22:20:17.897+0800 [DEBUG] created provider logger: level=debug
2026-08-15T22:20:17.897+0800 [INFO]  provider: configuring client automatic mTLS
2026-08-15T22:20:17.920+0800 [DEBUG] provider: starting plugin: path=.terraform/providers/registry.terraform.io/hashicorp/aws/6.58.0/windows_amd64/terraform-provider-aws_v6.58.0_x5.exe args=[".terraform/providers/registry.terraform.io/hashicorp/aws/6.58.0/windows_amd64/terraform-provider-aws_v6.58.0_x5.exe"]
2026-08-15T22:20:17.931+0800 [DEBUG] provider: plugin started: path=.terraform/providers/registry.terraform.io/hashicorp/aws/6.58.0/windows_amd64/terraform-provider-aws_v6.58.0_x5.exe pid=25372
2026-08-15T22:20:17.931+0800 [DEBUG] provider: waiting for RPC address: plugin=.terraform/providers/registry.terraform.io/hashicorp/aws/6.58.0/windows_amd64/terraform-provider-aws_v6.58.0_x5.exe
2026-08-15T22:20:22.609+0800 [DEBUG] provider.terraform-provider-aws_v6.58.0_x5.exe: Starting github.com/hashicorp/terraform-provider-aws@6.58.0 (go1.26.5)...
2026-08-15T22:20:22.609+0800 [DEBUG] provider.terraform-provider-aws_v6.58.0_x5.exe: Creating Terraform AWS Provider (SDKv2-style)...
2026-08-15T22:20:22.609+0800 [DEBUG] provider.terraform-provider-aws_v6.58.0_x5.exe: Initializing Terraform AWS Provider (SDKv2-style)...
2026-08-15T22:20:22.759+0800 [DEBUG] provider.terraform-provider-aws_v6.58.0_x5.exe: Creating Terraform AWS Provider (Framework-style)...
2026-08-15T22:20:22.759+0800 [DEBUG] provider.terraform-provider-aws_v6.58.0_x5.exe: Initializing Terraform AWS Provider (Framework-style)...
2026-08-15T22:20:22.810+0800 [INFO]  provider.terraform-provider-aws_v6.58.0_x5.exe: configuring server automatic mTLS: timestamp="2026-08-15T22:20:22.773+0800"
2026-08-15T22:20:22.826+0800 [DEBUG] provider.terraform-provider-aws_v6.58.0_x5.exe: plugin address: address=127.0.0.1:10000 network=tcp timestamp="2026-08-15T22:20:22.826+0800"
2026-08-15T22:20:22.828+0800 [DEBUG] provider: using plugin: version=5
2026-08-15T22:20:25.652+0800 [DEBUG] provider.stdio: received EOF, stopping recv loop: err="rpc error: code = Unavailable desc = error reading from server: EOF"
2026-08-15T22:20:25.726+0800 [INFO]  provider: plugin process exited: plugin=.terraform/providers/registry.terraform.io/hashicorp/aws/6.58.0/windows_amd64/terraform-provider-aws_v6.58.0_x5.exe id=25372
2026-08-15T22:20:25.726+0800 [DEBUG] provider: plugin exited
2026-08-15T22:20:25.736+0800 [DEBUG] Building and walking validate graph
2026-08-15T22:20:25.745+0800 [DEBUG] ProviderTransformer: "data.aws_caller_identity.nway-shoppingcart-console-admin" (*terraform.NodeValidatableResource) needs provider["registry.terraform.io/hashicorp/aws"]
2026-08-15T22:20:25.747+0800 [DEBUG] ReferenceTransformer: "data.aws_caller_identity.nway-shoppingcart-console-admin" references: []
2026-08-15T22:20:25.748+0800 [DEBUG] ReferenceTransformer: "provider[\"registry.terraform.io/hashicorp/aws\"]" references: []
2026-08-15T22:20:25.750+0800 [DEBUG] Starting graph walk: walkValidate
2026-08-15T22:20:25.751+0800 [DEBUG] created provider logger: level=debug
2026-08-15T22:20:25.751+0800 [INFO]  provider: configuring client automatic mTLS
2026-08-15T22:20:25.759+0800 [DEBUG] provider: starting plugin: path=.terraform/providers/registry.terraform.io/hashicorp/aws/6.58.0/windows_amd64/terraform-provider-aws_v6.58.0_x5.exe args=[".terraform/providers/registry.terraform.io/hashicorp/aws/6.58.0/windows_amd64/terraform-provider-aws_v6.58.0_x5.exe"]
2026-08-15T22:20:25.764+0800 [DEBUG] provider: plugin started: path=.terraform/providers/registry.terraform.io/hashicorp/aws/6.58.0/windows_amd64/terraform-provider-aws_v6.58.0_x5.exe pid=19820
2026-08-15T22:20:25.764+0800 [DEBUG] provider: waiting for RPC address: plugin=.terraform/providers/registry.terraform.io/hashicorp/aws/6.58.0/windows_amd64/terraform-provider-aws_v6.58.0_x5.exe
2026-08-15T22:20:25.925+0800 [DEBUG] provider.terraform-provider-aws_v6.58.0_x5.exe: Starting github.com/hashicorp/terraform-provider-aws@6.58.0 (go1.26.5)...
2026-08-15T22:20:25.925+0800 [DEBUG] provider.terraform-provider-aws_v6.58.0_x5.exe: Creating Terraform AWS Provider (SDKv2-style)...
2026-08-15T22:20:25.925+0800 [DEBUG] provider.terraform-provider-aws_v6.58.0_x5.exe: Initializing Terraform AWS Provider (SDKv2-style)...
2026-08-15T22:20:25.962+0800 [DEBUG] provider.terraform-provider-aws_v6.58.0_x5.exe: Creating Terraform AWS Provider (Framework-style)...
2026-08-15T22:20:25.964+0800 [DEBUG] provider.terraform-provider-aws_v6.58.0_x5.exe: Initializing Terraform AWS Provider (Framework-style)...
2026-08-15T22:20:26.011+0800 [INFO]  provider.terraform-provider-aws_v6.58.0_x5.exe: configuring server automatic mTLS: timestamp="2026-08-15T22:20:25.967+0800"
2026-08-15T22:20:26.024+0800 [DEBUG] provider: using plugin: version=5
2026-08-15T22:20:26.024+0800 [DEBUG] provider.terraform-provider-aws_v6.58.0_x5.exe: plugin address: address=127.0.0.1:10000 network=tcp timestamp="2026-08-15T22:20:26.024+0800"
2026-08-15T22:20:26.287+0800 [DEBUG] provider.stdio: received EOF, stopping recv loop: err="rpc error: code = Unavailable desc = error reading from server: EOF"
2026-08-15T22:20:26.336+0800 [INFO]  provider: plugin process exited: plugin=.terraform/providers/registry.terraform.io/hashicorp/aws/6.58.0/windows_amd64/terraform-provider-aws_v6.58.0_x5.exe id=19820
2026-08-15T22:20:26.336+0800 [DEBUG] provider: plugin exited
2026-08-15T22:20:26.338+0800 [INFO]  backend/local: plan calling Plan
2026-08-15T22:20:26.342+0800 [DEBUG] Building and walking plan graph for NormalMode
2026-08-15T22:20:26.344+0800 [DEBUG] ProviderTransformer: "data.aws_caller_identity.nway-shoppingcart-console-admin (expand)" (*terraform.nodeExpandPlannableResource) needs provider["registry.terraform.io/hashicorp/aws"]
2026-08-15T22:20:26.344+0800 [DEBUG] ReferenceTransformer: "data.aws_caller_identity.nway-shoppingcart-console-admin (expand)" references: []
2026-08-15T22:20:26.344+0800 [DEBUG] ReferenceTransformer: "provider[\"registry.terraform.io/hashicorp/aws\"]" references: []
2026-08-15T22:20:26.344+0800 [DEBUG] Starting graph walk: walkPlan
2026-08-15T22:20:26.345+0800 [DEBUG] created provider logger: level=debug
2026-08-15T22:20:26.345+0800 [INFO]  provider: configuring client automatic mTLS
2026-08-15T22:20:26.349+0800 [DEBUG] provider: starting plugin: path=.terraform/providers/registry.terraform.io/hashicorp/aws/6.58.0/windows_amd64/terraform-provider-aws_v6.58.0_x5.exe args=[".terraform/providers/registry.terraform.io/hashicorp/aws/6.58.0/windows_amd64/terraform-provider-aws_v6.58.0_x5.exe"]
2026-08-15T22:20:26.356+0800 [DEBUG] provider: plugin started: path=.terraform/providers/registry.terraform.io/hashicorp/aws/6.58.0/windows_amd64/terraform-provider-aws_v6.58.0_x5.exe pid=1744
2026-08-15T22:20:26.356+0800 [DEBUG] provider: waiting for RPC address: plugin=.terraform/providers/registry.terraform.io/hashicorp/aws/6.58.0/windows_amd64/terraform-provider-aws_v6.58.0_x5.exe
2026-08-15T22:20:26.514+0800 [DEBUG] provider.terraform-provider-aws_v6.58.0_x5.exe: Starting github.com/hashicorp/terraform-provider-aws@6.58.0 (go1.26.5)...
2026-08-15T22:20:26.514+0800 [DEBUG] provider.terraform-provider-aws_v6.58.0_x5.exe: Creating Terraform AWS Provider (SDKv2-style)...
2026-08-15T22:20:26.515+0800 [DEBUG] provider.terraform-provider-aws_v6.58.0_x5.exe: Initializing Terraform AWS Provider (SDKv2-style)...
2026-08-15T22:20:26.561+0800 [DEBUG] provider.terraform-provider-aws_v6.58.0_x5.exe: Creating Terraform AWS Provider (Framework-style)...
2026-08-15T22:20:26.561+0800 [DEBUG] provider.terraform-provider-aws_v6.58.0_x5.exe: Initializing Terraform AWS Provider (Framework-style)...
2026-08-15T22:20:26.598+0800 [INFO]  provider.terraform-provider-aws_v6.58.0_x5.exe: configuring server automatic mTLS: timestamp="2026-08-15T22:20:26.564+0800"
2026-08-15T22:20:26.612+0800 [DEBUG] provider: using plugin: version=5
2026-08-15T22:20:26.612+0800 [DEBUG] provider.terraform-provider-aws_v6.58.0_x5.exe: plugin address: address=127.0.0.1:10000 network=tcp timestamp="2026-08-15T22:20:26.612+0800"
2026-08-15T22:20:26.788+0800 [DEBUG] provider.terraform-provider-aws_v6.58.0_x5.exe: Configuring Terraform AWS Provider: @caller=github.com/hashicorp/terraform-provider-aws/internal/conns/config.go:150 tf_mux_provider="*schema.GRPCProviderServer" tf_rpc=ConfigureProvider @module=aws tf_provider_addr=registry.terraform.io/hashicorp/aws tf_req_id=aee113a5-6a8e-0a2d-09b9-c2c826395dfb timestamp="2026-08-15T22:20:26.788+0800"
2026-08-15T22:20:26.803+0800 [DEBUG] provider.terraform-provider-aws_v6.58.0_x5.exe: Resolving credentials provider: tf_mux_provider="*schema.GRPCProviderServer" tf_provider_addr=registry.terraform.io/hashicorp/aws @caller=github.com/hashicorp/aws-sdk-go-base/v2@v2.0.0-beta.73/logging/tf_logger.go:47 @module=aws.aws-base tf_req_id=aee113a5-6a8e-0a2d-09b9-c2c826395dfb tf_rpc=ConfigureProvider timestamp="2026-08-15T22:20:26.802+0800"
2026-08-15T22:20:26.835+0800 [DEBUG] provider.terraform-provider-aws_v6.58.0_x5.exe: Setting profile: tf_rpc=ConfigureProvider @module=aws.aws-base tf_aws.profile.source=provider tf_mux_provider="*schema.GRPCProviderServer" tf_req_id=aee113a5-6a8e-0a2d-09b9-c2c826395dfb @caller=github.com/hashicorp/aws-sdk-go-base/v2@v2.0.0-beta.73/logging/tf_logger.go:47 tf_aws.profile=nway-shoppingcart-console-admin tf_provider_addr=registry.terraform.io/hashicorp/aws timestamp="2026-08-15T22:20:26.835+0800"
2026-08-15T22:20:26.835+0800 [DEBUG] provider.terraform-provider-aws_v6.58.0_x5.exe: Loading configuration: tf_mux_provider="*schema.GRPCProviderServer" tf_req_id=aee113a5-6a8e-0a2d-09b9-c2c826395dfb tf_rpc=ConfigureProvider @module=aws.aws-base tf_provider_addr=registry.terraform.io/hashicorp/aws @caller=github.com/hashicorp/aws-sdk-go-base/v2@v2.0.0-beta.73/logging/tf_logger.go:47 timestamp="2026-08-15T22:20:26.835+0800"
2026-08-15T22:20:26.941+0800 [DEBUG] provider.terraform-provider-aws_v6.58.0_x5.exe: Retrieving credentials: tf_rpc=ConfigureProvider @caller=github.com/hashicorp/aws-sdk-go-base/v2@v2.0.0-beta.73/logging/tf_logger.go:47 @module=aws.aws-base tf_mux_provider="*schema.GRPCProviderServer" tf_req_id=aee113a5-6a8e-0a2d-09b9-c2c826395dfb tf_provider_addr=registry.terraform.io/hashicorp/aws timestamp="2026-08-15T22:20:26.941+0800"
2026-08-15T22:20:26.965+0800 [INFO]  provider.terraform-provider-aws_v6.58.0_x5.exe: Retrieved credentials: tf_req_id=aee113a5-6a8e-0a2d-09b9-c2c826395dfb @module=aws.aws-base tf_aws.credentials_source="SharedConfigCredentials: C:\Users\hp\.aws\credentials" tf_mux_provider="*schema.GRPCProviderServer" tf_provider_addr=registry.terraform.io/hashicorp/aws tf_rpc=ConfigureProvider @caller=github.com/hashicorp/aws-sdk-go-base/v2@v2.0.0-beta.73/logging/tf_logger.go:39 timestamp="2026-08-15T22:20:26.964+0800"
2026-08-15T22:20:26.965+0800 [DEBUG] provider.terraform-provider-aws_v6.58.0_x5.exe: Loading configuration: @module=aws.aws-base tf_mux_provider="*schema.GRPCProviderServer" tf_provider_addr=registry.terraform.io/hashicorp/aws tf_req_id=aee113a5-6a8e-0a2d-09b9-c2c826395dfb tf_rpc=ConfigureProvider @caller=github.com/hashicorp/aws-sdk-go-base/v2@v2.0.0-beta.73/logging/tf_logger.go:47 timestamp="2026-08-15T22:20:26.964+0800"
2026-08-15T22:20:26.969+0800 [DEBUG] provider.terraform-provider-aws_v6.58.0_x5.exe: Retrieving AWS account details: @caller=github.com/hashicorp/terraform-provider-aws/internal/conns/config.go:188 tf_mux_provider="*schema.GRPCProviderServer" @module=aws tf_provider_addr=registry.terraform.io/hashicorp/aws tf_req_id=aee113a5-6a8e-0a2d-09b9-c2c826395dfb tf_rpc=ConfigureProvider timestamp="2026-08-15T22:20:26.969+0800"
2026-08-15T22:20:27.033+0800 [DEBUG] provider.terraform-provider-aws_v6.58.0_x5.exe: Retrieving caller identity from STS: tf_provider_addr=registry.terraform.io/hashicorp/aws tf_req_id=aee113a5-6a8e-0a2d-09b9-c2c826395dfb tf_rpc=ConfigureProvider @caller=github.com/hashicorp/aws-sdk-go-base/v2@v2.0.0-beta.73/logging/tf_logger.go:47 @module=aws.aws-base tf_mux_provider="*schema.GRPCProviderServer" timestamp="2026-08-15T22:20:27.033+0800"
2026-08-15T22:20:27.175+0800 [DEBUG] provider.terraform-provider-aws_v6.58.0_x5.exe: HTTP Request Sent: http.request.header.x_amz_date=20260815T142027Z http.user_agent="APN/1.0 HashiCorp/1.0 Terraform/1.15.8 (+https://www.terraform.io) terraform-provider-aws/6.58.0 (+https://registry.terraform.io/providers/hashicorp/aws) aws-sdk-go-v2/1.43.2 ua/2.1 os/windows lang/go#1.26.5 md/GOOS#windows md/GOARCH#amd64 api/sts#1.45.2 m/n" tf_aws.signing_region="" @module=aws.aws-base http.request.header.content_type=application/x-www-form-urlencoded tf_aws.sdk=aws-sdk-go-v2 tf_rpc=ConfigureProvider http.method=POST http.request.header.authorization="AWS4-HMAC-SHA256 Credential=AKIA************FBN3/20260815/ap-southeast-1/sts/aws4_request, SignedHeaders=amz-sdk-invocation-id;amz-sdk-request;content-length;content-type;host;x-amz-date, Signature=*****" rpc.system.name=aws-api tf_req_id=aee113a5-6a8e-0a2d-09b9-c2c826395dfb http.request.header.amz_sdk_invocation_id=3d84b7cc-e9dd-4966-8ed3-b3d4bb0eb3ce http.request.header.amz_sdk_request="attempt=1; max=25" http.request_content_length=43 http.url=https://sts.ap-southeast-1.amazonaws.com/ net.peer.name=sts.ap-southeast-1.amazonaws.com rpc.method=STS/GetCallerIdentity tf_mux_provider="*schema.GRPCProviderServer" tf_provider_addr=registry.terraform.io/hashicorp/aws @caller=github.com/hashicorp/aws-sdk-go-base/v2@v2.0.0-beta.73/logging/tf_logger.go:47 aws.region=ap-southeast-1
  http.request.body=
  | Action=GetCallerIdentity&Version=2011-06-15
   timestamp="2026-08-15T22:20:27.174+0800"
2026-08-15T22:20:27.363+0800 [DEBUG] provider.terraform-provider-aws_v6.58.0_x5.exe: HTTP Response Received: http.duration=189 http.response.header.x_amz_sts_extended_request_id=MTphcC1zb3V0aGVhc3QtMTpTOjE3ODY4MDM2MjY3NTQ6Ujo5Yk1iVExvbg== rpc.system.name=aws-api tf_aws.sdk=aws-sdk-go-v2 tf_provider_addr=registry.terraform.io/hashicorp/aws tf_req_id=aee113a5-6a8e-0a2d-09b9-c2c826395dfb tf_rpc=ConfigureProvider @caller=github.com/hashicorp/aws-sdk-go-base/v2@v2.0.0-beta.73/logging/tf_logger.go:47 @module=aws.aws-base
  http.response.body=
  | <GetCallerIdentityResponse xmlns="https://sts.amazonaws.com/doc/2011-06-15/">
  |   <GetCallerIdentityResult>
  |     <Arn>arn:aws:iam::223702251106:user/nway-shoppingcart-console-admin</Arn>
  |     <UserId>AIDA*************NCGP</UserId>
  |     <Account>223702251106</Account>
  |   </GetCallerIdentityResult>
  |   <ResponseMetadata>
  |     <RequestId>ceea7ee1-2ee3-4098-bfdc-88eee75e903e</RequestId>
  |   </ResponseMetadata>
  | </GetCallerIdentityResponse>
   http.response.header.content_type=text/xml http.response.header.x_amzn_requestid=ceea7ee1-2ee3-4098-bfdc-88eee75e903e tf_aws.signing_region="" aws.region=ap-southeast-1 http.response.header.date="Sat, 15 Aug 2026 14:20:26 GMT" http.response_content_length=428 http.status_code=200 rpc.method=STS/GetCallerIdentity tf_mux_provider="*schema.GRPCProviderServer" timestamp="2026-08-15T22:20:27.363+0800"
2026-08-15T22:20:27.365+0800 [INFO]  provider.terraform-provider-aws_v6.58.0_x5.exe: Retrieved caller identity from STS: @caller=github.com/hashicorp/aws-sdk-go-base/v2@v2.0.0-beta.73/logging/tf_logger.go:39 tf_req_id=aee113a5-6a8e-0a2d-09b9-c2c826395dfb tf_rpc=ConfigureProvider @module=aws.aws-base tf_mux_provider="*schema.GRPCProviderServer" tf_provider_addr=registry.terraform.io/hashicorp/aws timestamp="2026-08-15T22:20:27.365+0800"
2026-08-15T22:20:27.370+0800 [DEBUG] Resource instance state not found for node "data.aws_caller_identity.nway-shoppingcart-console-admin", instance data.aws_caller_identity.nway-shoppingcart-console-admin
2026-08-15T22:20:27.370+0800 [DEBUG] ReferenceTransformer: "data.aws_caller_identity.nway-shoppingcart-console-admin" references: []
2026-08-15T22:20:27.427+0800 [DEBUG] provider.terraform-provider-aws_v6.58.0_x5.exe: HTTP Request Sent: @module=aws http.request.header.amz_sdk_invocation_id=055f3f86-608d-486a-bca4-a150a993524d rpc.system.name=aws-api tf_provider_addr=registry.terraform.io/hashicorp/aws @caller=github.com/hashicorp/aws-sdk-go-base/v2@v2.0.0-beta.73/logging/tf_logger.go:45
  http.request.body=
  | Action=GetCallerIdentity&Version=2011-06-15
   http.request.header.x_amz_date=20260815T142027Z http.url=https://sts.ap-southeast-1.amazonaws.com/ http.user_agent="APN/1.0 HashiCorp/1.0 Terraform/1.15.8 (+https://www.terraform.io) terraform-provider-aws/6.58.0 (+https://registry.terraform.io/providers/hashicorp/aws) aws-sdk-go-v2/1.43.2 ua/2.1 os/windows lang/go#1.26.5 md/GOOS#windows md/GOARCH#amd64 api/sts#1.45.2 m/n" net.peer.name=sts.ap-southeast-1.amazonaws.com rpc.method=STS/GetCallerIdentity aws.region=ap-southeast-1 http.method=POST http.request.header.amz_sdk_request="attempt=1; max=25" tf_aws.sdk=aws-sdk-go-v2 tf_aws.signing_region="" tf_data_source_type=aws_caller_identity tf_mux_provider="*proto5server.Server" tf_req_id=fa3f1e8b-7ff9-9c28-b7fb-81174e2afc9c http.request.header.authorization="AWS4-HMAC-SHA256 Credential=AKIA************FBN3/20260815/ap-southeast-1/sts/aws4_request, SignedHeaders=amz-sdk-invocation-id;amz-sdk-request;content-length;content-type;host;x-amz-date, Signature=*****" http.request.header.content_type=application/x-www-form-urlencoded http.request_content_length=43 tf_rpc=ReadDataSource timestamp="2026-08-15T22:20:27.427+0800"
2026-08-15T22:20:27.437+0800 [DEBUG] provider.terraform-provider-aws_v6.58.0_x5.exe: HTTP Response Received: http.response.header.x_amzn_requestid=c1f1b82d-bb4c-49ef-99ad-c53d1c6bbcd5 rpc.system.name=aws-api tf_req_id=fa3f1e8b-7ff9-9c28-b7fb-81174e2afc9c @module=aws aws.region=ap-southeast-1
  http.response.body=
  | <GetCallerIdentityResponse xmlns="https://sts.amazonaws.com/doc/2011-06-15/">
  |   <GetCallerIdentityResult>
  |     <Arn>arn:aws:iam::223702251106:user/nway-shoppingcart-console-admin</Arn>
  |     <UserId>AIDA*************NCGP</UserId>
  |     <Account>223702251106</Account>
  |   </GetCallerIdentityResult>
  |   <ResponseMetadata>
  |     <RequestId>c1f1b82d-bb4c-49ef-99ad-c53d1c6bbcd5</RequestId>
  |   </ResponseMetadata>
  | </GetCallerIdentityResponse>
   http.response_content_length=428 tf_aws.signing_region="" http.response.header.content_type=text/xml http.response.header.x_amz_sts_extended_request_id=MTphcC1zb3V0aGVhc3QtMTpTOjE3ODY4MDM2MjY4MzI6UjpYZDVQaXhJdA== http.status_code=200 tf_data_source_type=aws_caller_identity tf_provider_addr=registry.terraform.io/hashicorp/aws rpc.method=STS/GetCallerIdentity tf_aws.sdk=aws-sdk-go-v2 tf_mux_provider="*proto5server.Server" tf_rpc=ReadDataSource @caller=github.com/hashicorp/aws-sdk-go-base/v2@v2.0.0-beta.73/logging/tf_logger.go:45 http.duration=9 http.response.header.date="Sat, 15 Aug 2026 14:20:26 GMT" timestamp="2026-08-15T22:20:27.437+0800"
2026-08-15T22:20:27.443+0800 [DEBUG] provider.stdio: received EOF, stopping recv loop: err="rpc error: code = Unavailable desc = error reading from server: EOF"
2026-08-15T22:20:27.476+0800 [INFO]  provider: plugin process exited: plugin=.terraform/providers/registry.terraform.io/hashicorp/aws/6.58.0/windows_amd64/terraform-provider-aws_v6.58.0_x5.exe id=1744
2026-08-15T22:20:27.476+0800 [DEBUG] provider: plugin exited
2026-08-15T22:20:27.479+0800 [DEBUG] no planned changes, skipping apply graph check
2026-08-15T22:20:27.480+0800 [INFO]  backend/local: plan operation completed
2026-08-15T22:21:09.317+0800 [INFO]  Terraform version: 1.15.8
2026-08-15T22:21:09.344+0800 [DEBUG] using github.com/hashicorp/go-tfe v1.105.0
2026-08-15T22:21:09.344+0800 [DEBUG] using github.com/hashicorp/hcl/v2 v2.24.0
2026-08-15T22:21:09.344+0800 [DEBUG] using github.com/hashicorp/terraform-svchost v0.2.1
2026-08-15T22:21:09.344+0800 [DEBUG] using github.com/zclconf/go-cty v1.18.0
2026-08-15T22:21:09.344+0800 [INFO]  Go runtime version: go1.25.10
2026-08-15T22:21:09.344+0800 [INFO]  CLI args: []string{"C:\\Program Files\\Terraform\\terraform.exe", "plan", "-approve"}
2026-08-15T22:21:09.348+0800 [DEBUG] Attempting to open CLI config file: C:\Users\hp\AppData\Roaming\terraform.rc
2026-08-15T22:21:09.348+0800 [DEBUG] File doesn't exist, but doesn't need to. Ignoring.
2026-08-15T22:21:09.348+0800 [DEBUG] ignoring non-existing provider search directory terraform.d/plugins
2026-08-15T22:21:09.349+0800 [DEBUG] ignoring non-existing provider search directory C:\Users\hp\AppData\Roaming\terraform.d\plugins
2026-08-15T22:21:09.349+0800 [DEBUG] ignoring non-existing provider search directory C:\Users\hp\AppData\Roaming\HashiCorp\Terraform\plugins
2026-08-15T22:21:09.350+0800 [INFO]  CLI command args: []string{"plan", "-approve"}
2026-08-15T22:21:26.088+0800 [INFO]  Terraform version: 1.15.8
2026-08-15T22:21:26.116+0800 [DEBUG] using github.com/hashicorp/go-tfe v1.105.0
2026-08-15T22:21:26.116+0800 [DEBUG] using github.com/hashicorp/hcl/v2 v2.24.0
2026-08-15T22:21:26.116+0800 [DEBUG] using github.com/hashicorp/terraform-svchost v0.2.1
2026-08-15T22:21:26.116+0800 [DEBUG] using github.com/zclconf/go-cty v1.18.0
2026-08-15T22:21:26.116+0800 [INFO]  Go runtime version: go1.25.10
2026-08-15T22:21:26.116+0800 [INFO]  CLI args: []string{"C:\\Program Files\\Terraform\\terraform.exe", "plan"}
2026-08-15T22:21:26.119+0800 [DEBUG] Attempting to open CLI config file: C:\Users\hp\AppData\Roaming\terraform.rc
2026-08-15T22:21:26.120+0800 [DEBUG] File doesn't exist, but doesn't need to. Ignoring.
2026-08-15T22:21:26.120+0800 [DEBUG] ignoring non-existing provider search directory terraform.d/plugins
2026-08-15T22:21:26.120+0800 [DEBUG] ignoring non-existing provider search directory C:\Users\hp\AppData\Roaming\terraform.d\plugins
2026-08-15T22:21:26.121+0800 [DEBUG] ignoring non-existing provider search directory C:\Users\hp\AppData\Roaming\HashiCorp\Terraform\plugins
2026-08-15T22:21:26.121+0800 [INFO]  CLI command args: []string{"plan"}
2026-08-15T22:21:32.512+0800 [DEBUG] checking for provisioner in "."
2026-08-15T22:21:32.512+0800 [DEBUG] checking for provisioner in "C:\\Program Files\\Terraform"
2026-08-15T22:21:32.514+0800 [INFO]  backend/local: starting Plan operation
2026-08-15T22:21:32.522+0800 [DEBUG] Starting graph walk: walkInit
2026-08-15T22:21:32.523+0800 [DEBUG] created provider logger: level=debug
2026-08-15T22:21:32.523+0800 [INFO]  provider: configuring client automatic mTLS
2026-08-15T22:21:32.534+0800 [DEBUG] provider: starting plugin: path=.terraform/providers/registry.terraform.io/hashicorp/aws/6.58.0/windows_amd64/terraform-provider-aws_v6.58.0_x5.exe args=[".terraform/providers/registry.terraform.io/hashicorp/aws/6.58.0/windows_amd64/terraform-provider-aws_v6.58.0_x5.exe"]
2026-08-15T22:21:32.545+0800 [DEBUG] provider: plugin started: path=.terraform/providers/registry.terraform.io/hashicorp/aws/6.58.0/windows_amd64/terraform-provider-aws_v6.58.0_x5.exe pid=5204
2026-08-15T22:21:32.545+0800 [DEBUG] provider: waiting for RPC address: plugin=.terraform/providers/registry.terraform.io/hashicorp/aws/6.58.0/windows_amd64/terraform-provider-aws_v6.58.0_x5.exe
2026-08-15T22:21:36.663+0800 [DEBUG] provider.terraform-provider-aws_v6.58.0_x5.exe: Starting github.com/hashicorp/terraform-provider-aws@6.58.0 (go1.26.5)...
2026-08-15T22:21:36.663+0800 [DEBUG] provider.terraform-provider-aws_v6.58.0_x5.exe: Creating Terraform AWS Provider (SDKv2-style)...
2026-08-15T22:21:36.663+0800 [DEBUG] provider.terraform-provider-aws_v6.58.0_x5.exe: Initializing Terraform AWS Provider (SDKv2-style)...
2026-08-15T22:21:36.834+0800 [DEBUG] provider.terraform-provider-aws_v6.58.0_x5.exe: Creating Terraform AWS Provider (Framework-style)...
2026-08-15T22:21:36.835+0800 [DEBUG] provider.terraform-provider-aws_v6.58.0_x5.exe: Initializing Terraform AWS Provider (Framework-style)...
2026-08-15T22:21:36.873+0800 [INFO]  provider.terraform-provider-aws_v6.58.0_x5.exe: configuring server automatic mTLS: timestamp="2026-08-15T22:21:36.841+0800"
2026-08-15T22:21:36.898+0800 [DEBUG] provider.terraform-provider-aws_v6.58.0_x5.exe: plugin address: address=127.0.0.1:10000 network=tcp timestamp="2026-08-15T22:21:36.897+0800"
2026-08-15T22:21:36.899+0800 [DEBUG] provider: using plugin: version=5
2026-08-15T22:21:41.253+0800 [DEBUG] provider.stdio: received EOF, stopping recv loop: err="rpc error: code = Unavailable desc = error reading from server: EOF"
2026-08-15T22:21:41.328+0800 [INFO]  provider: plugin process exited: plugin=.terraform/providers/registry.terraform.io/hashicorp/aws/6.58.0/windows_amd64/terraform-provider-aws_v6.58.0_x5.exe id=5204
2026-08-15T22:21:41.329+0800 [DEBUG] provider: plugin exited
2026-08-15T22:21:41.336+0800 [DEBUG] Building and walking validate graph
2026-08-15T22:21:41.344+0800 [DEBUG] ProviderTransformer: "data.aws_caller_identity.nway-shoppingcart-console-admin" (*terraform.NodeValidatableResource) needs provider["registry.terraform.io/hashicorp/aws"]
2026-08-15T22:21:41.347+0800 [DEBUG] ReferenceTransformer: "data.aws_caller_identity.nway-shoppingcart-console-admin" references: []
2026-08-15T22:21:41.347+0800 [DEBUG] ReferenceTransformer: "provider[\"registry.terraform.io/hashicorp/aws\"]" references: []
2026-08-15T22:21:41.349+0800 [DEBUG] Starting graph walk: walkValidate
2026-08-15T22:21:41.350+0800 [DEBUG] created provider logger: level=debug
2026-08-15T22:21:41.350+0800 [INFO]  provider: configuring client automatic mTLS
2026-08-15T22:21:41.358+0800 [DEBUG] provider: starting plugin: path=.terraform/providers/registry.terraform.io/hashicorp/aws/6.58.0/windows_amd64/terraform-provider-aws_v6.58.0_x5.exe args=[".terraform/providers/registry.terraform.io/hashicorp/aws/6.58.0/windows_amd64/terraform-provider-aws_v6.58.0_x5.exe"]
2026-08-15T22:21:41.363+0800 [DEBUG] provider: plugin started: path=.terraform/providers/registry.terraform.io/hashicorp/aws/6.58.0/windows_amd64/terraform-provider-aws_v6.58.0_x5.exe pid=27244
2026-08-15T22:21:41.363+0800 [DEBUG] provider: waiting for RPC address: plugin=.terraform/providers/registry.terraform.io/hashicorp/aws/6.58.0/windows_amd64/terraform-provider-aws_v6.58.0_x5.exe
2026-08-15T22:21:41.651+0800 [DEBUG] provider.terraform-provider-aws_v6.58.0_x5.exe: Starting github.com/hashicorp/terraform-provider-aws@6.58.0 (go1.26.5)...
2026-08-15T22:21:41.651+0800 [DEBUG] provider.terraform-provider-aws_v6.58.0_x5.exe: Creating Terraform AWS Provider (SDKv2-style)...
2026-08-15T22:21:41.651+0800 [DEBUG] provider.terraform-provider-aws_v6.58.0_x5.exe: Initializing Terraform AWS Provider (SDKv2-style)...
2026-08-15T22:21:41.704+0800 [DEBUG] provider.terraform-provider-aws_v6.58.0_x5.exe: Creating Terraform AWS Provider (Framework-style)...
2026-08-15T22:21:41.705+0800 [DEBUG] provider.terraform-provider-aws_v6.58.0_x5.exe: Initializing Terraform AWS Provider (Framework-style)...
2026-08-15T22:21:41.734+0800 [INFO]  provider.terraform-provider-aws_v6.58.0_x5.exe: configuring server automatic mTLS: timestamp="2026-08-15T22:21:41.707+0800"
2026-08-15T22:21:41.744+0800 [DEBUG] provider.terraform-provider-aws_v6.58.0_x5.exe: plugin address: address=127.0.0.1:10000 network=tcp timestamp="2026-08-15T22:21:41.744+0800"
2026-08-15T22:21:41.744+0800 [DEBUG] provider: using plugin: version=5
2026-08-15T22:21:41.888+0800 [DEBUG] provider.stdio: received EOF, stopping recv loop: err="rpc error: code = Unavailable desc = error reading from server: EOF"
2026-08-15T22:21:41.921+0800 [INFO]  provider: plugin process exited: plugin=.terraform/providers/registry.terraform.io/hashicorp/aws/6.58.0/windows_amd64/terraform-provider-aws_v6.58.0_x5.exe id=27244
2026-08-15T22:21:41.921+0800 [DEBUG] provider: plugin exited
2026-08-15T22:21:41.924+0800 [INFO]  backend/local: plan calling Plan
2026-08-15T22:21:41.927+0800 [DEBUG] Building and walking plan graph for NormalMode
2026-08-15T22:21:41.929+0800 [DEBUG] ProviderTransformer: "data.aws_caller_identity.nway-shoppingcart-console-admin (expand)" (*terraform.nodeExpandPlannableResource) needs provider["registry.terraform.io/hashicorp/aws"]
2026-08-15T22:21:41.929+0800 [DEBUG] ReferenceTransformer: "data.aws_caller_identity.nway-shoppingcart-console-admin (expand)" references: []
2026-08-15T22:21:41.929+0800 [DEBUG] ReferenceTransformer: "provider[\"registry.terraform.io/hashicorp/aws\"]" references: []
2026-08-15T22:21:41.929+0800 [DEBUG] Starting graph walk: walkPlan
2026-08-15T22:21:41.930+0800 [DEBUG] created provider logger: level=debug
2026-08-15T22:21:41.930+0800 [INFO]  provider: configuring client automatic mTLS
2026-08-15T22:21:41.934+0800 [DEBUG] provider: starting plugin: path=.terraform/providers/registry.terraform.io/hashicorp/aws/6.58.0/windows_amd64/terraform-provider-aws_v6.58.0_x5.exe args=[".terraform/providers/registry.terraform.io/hashicorp/aws/6.58.0/windows_amd64/terraform-provider-aws_v6.58.0_x5.exe"]
2026-08-15T22:21:41.940+0800 [DEBUG] provider: plugin started: path=.terraform/providers/registry.terraform.io/hashicorp/aws/6.58.0/windows_amd64/terraform-provider-aws_v6.58.0_x5.exe pid=10328
2026-08-15T22:21:41.940+0800 [DEBUG] provider: waiting for RPC address: plugin=.terraform/providers/registry.terraform.io/hashicorp/aws/6.58.0/windows_amd64/terraform-provider-aws_v6.58.0_x5.exe
2026-08-15T22:21:42.058+0800 [DEBUG] provider.terraform-provider-aws_v6.58.0_x5.exe: Starting github.com/hashicorp/terraform-provider-aws@6.58.0 (go1.26.5)...
2026-08-15T22:21:42.058+0800 [DEBUG] provider.terraform-provider-aws_v6.58.0_x5.exe: Creating Terraform AWS Provider (SDKv2-style)...
2026-08-15T22:21:42.058+0800 [DEBUG] provider.terraform-provider-aws_v6.58.0_x5.exe: Initializing Terraform AWS Provider (SDKv2-style)...
2026-08-15T22:21:42.085+0800 [DEBUG] provider.terraform-provider-aws_v6.58.0_x5.exe: Creating Terraform AWS Provider (Framework-style)...
2026-08-15T22:21:42.085+0800 [DEBUG] provider.terraform-provider-aws_v6.58.0_x5.exe: Initializing Terraform AWS Provider (Framework-style)...
2026-08-15T22:21:42.114+0800 [INFO]  provider.terraform-provider-aws_v6.58.0_x5.exe: configuring server automatic mTLS: timestamp="2026-08-15T22:21:42.087+0800"
2026-08-15T22:21:42.125+0800 [DEBUG] provider.terraform-provider-aws_v6.58.0_x5.exe: plugin address: address=127.0.0.1:10000 network=tcp timestamp="2026-08-15T22:21:42.125+0800"
2026-08-15T22:21:42.125+0800 [DEBUG] provider: using plugin: version=5
2026-08-15T22:21:42.302+0800 [DEBUG] provider.terraform-provider-aws_v6.58.0_x5.exe: Configuring Terraform AWS Provider: tf_rpc=ConfigureProvider tf_mux_provider="*schema.GRPCProviderServer" @caller=github.com/hashicorp/terraform-provider-aws/internal/conns/config.go:150 @module=aws tf_provider_addr=registry.terraform.io/hashicorp/aws tf_req_id=321e7650-c7bb-3b15-d162-d88b0a480fb5 timestamp="2026-08-15T22:21:42.286+0800"
2026-08-15T22:21:42.327+0800 [DEBUG] provider.terraform-provider-aws_v6.58.0_x5.exe: Resolving credentials provider: tf_req_id=321e7650-c7bb-3b15-d162-d88b0a480fb5 @caller=github.com/hashicorp/aws-sdk-go-base/v2@v2.0.0-beta.73/logging/tf_logger.go:47 tf_provider_addr=registry.terraform.io/hashicorp/aws tf_rpc=ConfigureProvider @module=aws.aws-base tf_mux_provider="*schema.GRPCProviderServer" timestamp="2026-08-15T22:21:42.326+0800"
2026-08-15T22:21:42.368+0800 [DEBUG] provider.terraform-provider-aws_v6.58.0_x5.exe: Setting profile: @module=aws.aws-base tf_aws.profile=nway-shoppingcart-console-admin tf_aws.profile.source=provider tf_req_id=321e7650-c7bb-3b15-d162-d88b0a480fb5 tf_rpc=ConfigureProvider @caller=github.com/hashicorp/aws-sdk-go-base/v2@v2.0.0-beta.73/logging/tf_logger.go:47 tf_mux_provider="*schema.GRPCProviderServer" tf_provider_addr=registry.terraform.io/hashicorp/aws timestamp="2026-08-15T22:21:42.368+0800"
2026-08-15T22:21:42.368+0800 [DEBUG] provider.terraform-provider-aws_v6.58.0_x5.exe: Loading configuration: @module=aws.aws-base tf_mux_provider="*schema.GRPCProviderServer" @caller=github.com/hashicorp/aws-sdk-go-base/v2@v2.0.0-beta.73/logging/tf_logger.go:47 tf_provider_addr=registry.terraform.io/hashicorp/aws tf_req_id=321e7650-c7bb-3b15-d162-d88b0a480fb5 tf_rpc=ConfigureProvider timestamp="2026-08-15T22:21:42.368+0800"
2026-08-15T22:21:42.371+0800 [DEBUG] provider.terraform-provider-aws_v6.58.0_x5.exe: Retrieving credentials: @module=aws.aws-base tf_mux_provider="*schema.GRPCProviderServer" tf_provider_addr=registry.terraform.io/hashicorp/aws tf_req_id=321e7650-c7bb-3b15-d162-d88b0a480fb5 tf_rpc=ConfigureProvider @caller=github.com/hashicorp/aws-sdk-go-base/v2@v2.0.0-beta.73/logging/tf_logger.go:47 timestamp="2026-08-15T22:21:42.371+0800"
2026-08-15T22:21:42.379+0800 [INFO]  provider.terraform-provider-aws_v6.58.0_x5.exe: Retrieved credentials: tf_mux_provider="*schema.GRPCProviderServer" tf_provider_addr=registry.terraform.io/hashicorp/aws tf_req_id=321e7650-c7bb-3b15-d162-d88b0a480fb5 tf_aws.credentials_source="SharedConfigCredentials: C:\Users\hp\.aws\credentials" tf_rpc=ConfigureProvider @caller=github.com/hashicorp/aws-sdk-go-base/v2@v2.0.0-beta.73/logging/tf_logger.go:39 @module=aws.aws-base timestamp="2026-08-15T22:21:42.379+0800"
2026-08-15T22:21:42.379+0800 [DEBUG] provider.terraform-provider-aws_v6.58.0_x5.exe: Loading configuration: tf_req_id=321e7650-c7bb-3b15-d162-d88b0a480fb5 tf_rpc=ConfigureProvider @module=aws.aws-base tf_provider_addr=registry.terraform.io/hashicorp/aws @caller=github.com/hashicorp/aws-sdk-go-base/v2@v2.0.0-beta.73/logging/tf_logger.go:47 tf_mux_provider="*schema.GRPCProviderServer" timestamp="2026-08-15T22:21:42.379+0800"
2026-08-15T22:21:42.380+0800 [DEBUG] provider.terraform-provider-aws_v6.58.0_x5.exe: Retrieving AWS account details: tf_req_id=321e7650-c7bb-3b15-d162-d88b0a480fb5 tf_rpc=ConfigureProvider @caller=github.com/hashicorp/terraform-provider-aws/internal/conns/config.go:188 @module=aws tf_provider_addr=registry.terraform.io/hashicorp/aws tf_mux_provider="*schema.GRPCProviderServer" timestamp="2026-08-15T22:21:42.380+0800"
2026-08-15T22:21:42.398+0800 [DEBUG] provider.terraform-provider-aws_v6.58.0_x5.exe: Retrieving caller identity from STS: @module=aws.aws-base tf_mux_provider="*schema.GRPCProviderServer" tf_provider_addr=registry.terraform.io/hashicorp/aws tf_req_id=321e7650-c7bb-3b15-d162-d88b0a480fb5 @caller=github.com/hashicorp/aws-sdk-go-base/v2@v2.0.0-beta.73/logging/tf_logger.go:47 tf_rpc=ConfigureProvider timestamp="2026-08-15T22:21:42.397+0800"
2026-08-15T22:21:42.440+0800 [DEBUG] provider.terraform-provider-aws_v6.58.0_x5.exe: HTTP Request Sent: http.request.header.amz_sdk_request="attempt=1; max=25" rpc.method=STS/GetCallerIdentity tf_rpc=ConfigureProvider http.request.header.x_amz_date=20260815T142142Z http.request_content_length=43 @caller=github.com/hashicorp/aws-sdk-go-base/v2@v2.0.0-beta.73/logging/tf_logger.go:47 http.method=POST http.request.header.authorization="AWS4-HMAC-SHA256 Credential=AKIA************FBN3/20260815/ap-southeast-1/sts/aws4_request, SignedHeaders=amz-sdk-invocation-id;amz-sdk-request;content-length;content-type;host;x-amz-date, Signature=*****" http.request.header.content_type=application/x-www-form-urlencoded http.user_agent="APN/1.0 HashiCorp/1.0 Terraform/1.15.8 (+https://www.terraform.io) terraform-provider-aws/6.58.0 (+https://registry.terraform.io/providers/hashicorp/aws) aws-sdk-go-v2/1.43.2 ua/2.1 os/windows lang/go#1.26.5 md/GOOS#windows md/GOARCH#amd64 api/sts#1.45.2 m/n" http.url=https://sts.ap-southeast-1.amazonaws.com/ net.peer.name=sts.ap-southeast-1.amazonaws.com rpc.system.name=aws-api tf_aws.sdk=aws-sdk-go-v2 tf_mux_provider="*schema.GRPCProviderServer" tf_provider_addr=registry.terraform.io/hashicorp/aws tf_req_id=321e7650-c7bb-3b15-d162-d88b0a480fb5 @module=aws.aws-base aws.region=ap-southeast-1 http.request.header.amz_sdk_invocation_id=41b66995-cc85-4edd-a401-da7475c08225 tf_aws.signing_region=""
  http.request.body=
  | Action=GetCallerIdentity&Version=2011-06-15
   timestamp="2026-08-15T22:21:42.440+0800"
2026-08-15T22:21:42.602+0800 [DEBUG] provider.terraform-provider-aws_v6.58.0_x5.exe: HTTP Response Received: @module=aws.aws-base http.duration=162 http.response.header.x_amzn_requestid=ce5f57f4-89f0-4eea-98d1-7968b30867dc tf_mux_provider="*schema.GRPCProviderServer" @caller=github.com/hashicorp/aws-sdk-go-base/v2@v2.0.0-beta.73/logging/tf_logger.go:47 aws.region=ap-southeast-1
  http.response.body=
  | <GetCallerIdentityResponse xmlns="https://sts.amazonaws.com/doc/2011-06-15/">
  |   <GetCallerIdentityResult>
  |     <Arn>arn:aws:iam::223702251106:user/nway-shoppingcart-console-admin</Arn>
  |     <UserId>AIDA*************NCGP</UserId>
  |     <Account>223702251106</Account>
  |   </GetCallerIdentityResult>
  |   <ResponseMetadata>
  |     <RequestId>ce5f57f4-89f0-4eea-98d1-7968b30867dc</RequestId>
  |   </ResponseMetadata>
  | </GetCallerIdentityResponse>
   http.response.header.content_type=text/xml http.response_content_length=428 rpc.method=STS/GetCallerIdentity rpc.system.name=aws-api tf_aws.signing_region="" http.status_code=200 tf_aws.sdk=aws-sdk-go-v2 tf_req_id=321e7650-c7bb-3b15-d162-d88b0a480fb5 tf_rpc=ConfigureProvider http.response.header.date="Sat, 15 Aug 2026 14:21:41 GMT" http.response.header.x_amz_sts_extended_request_id=MTphcC1zb3V0aGVhc3QtMTpTOjE3ODY4MDM3MDE5OTM6UjoyRVJhMUY0eA== tf_provider_addr=registry.terraform.io/hashicorp/aws timestamp="2026-08-15T22:21:42.602+0800"
2026-08-15T22:21:42.604+0800 [INFO]  provider.terraform-provider-aws_v6.58.0_x5.exe: Retrieved caller identity from STS: @caller=github.com/hashicorp/aws-sdk-go-base/v2@v2.0.0-beta.73/logging/tf_logger.go:39 tf_rpc=ConfigureProvider @module=aws.aws-base tf_mux_provider="*schema.GRPCProviderServer" tf_provider_addr=registry.terraform.io/hashicorp/aws tf_req_id=321e7650-c7bb-3b15-d162-d88b0a480fb5 timestamp="2026-08-15T22:21:42.603+0800"
2026-08-15T22:21:42.612+0800 [DEBUG] Resource instance state not found for node "data.aws_caller_identity.nway-shoppingcart-console-admin", instance data.aws_caller_identity.nway-shoppingcart-console-admin
2026-08-15T22:21:42.612+0800 [DEBUG] ReferenceTransformer: "data.aws_caller_identity.nway-shoppingcart-console-admin" references: []
2026-08-15T22:21:42.680+0800 [DEBUG] provider.terraform-provider-aws_v6.58.0_x5.exe: HTTP Request Sent: @module=aws http.request.header.amz_sdk_invocation_id=34f269fc-5987-4336-b22a-19b6e8b7d1d7 http.request.header.content_type=application/x-www-form-urlencoded http.user_agent="APN/1.0 HashiCorp/1.0 Terraform/1.15.8 (+https://www.terraform.io) terraform-provider-aws/6.58.0 (+https://registry.terraform.io/providers/hashicorp/aws) aws-sdk-go-v2/1.43.2 ua/2.1 os/windows lang/go#1.26.5 md/GOOS#windows md/GOARCH#amd64 api/sts#1.45.2 m/n" rpc.system.name=aws-api tf_provider_addr=registry.terraform.io/hashicorp/aws http.method=POST
  http.request.body=
  | Action=GetCallerIdentity&Version=2011-06-15
   http.request.header.amz_sdk_request="attempt=1; max=25" http.request_content_length=43 net.peer.name=sts.ap-southeast-1.amazonaws.com @caller=github.com/hashicorp/aws-sdk-go-base/v2@v2.0.0-beta.73/logging/tf_logger.go:45 http.request.header.x_amz_date=20260815T142142Z tf_aws.sdk=aws-sdk-go-v2 tf_aws.signing_region="" tf_data_source_type=aws_caller_identity tf_rpc=ReadDataSource aws.region=ap-southeast-1 http.request.header.authorization="AWS4-HMAC-SHA256 Credential=AKIA************FBN3/20260815/ap-southeast-1/sts/aws4_request, SignedHeaders=amz-sdk-invocation-id;amz-sdk-request;content-length;content-type;host;x-amz-date, Signature=*****" http.url=https://sts.ap-southeast-1.amazonaws.com/ rpc.method=STS/GetCallerIdentity tf_mux_provider="*proto5server.Server" tf_req_id=5ce7eea7-60d2-4a73-7e54-4a07271ed990 timestamp="2026-08-15T22:21:42.680+0800"
2026-08-15T22:21:42.691+0800 [DEBUG] provider.terraform-provider-aws_v6.58.0_x5.exe: HTTP Response Received: tf_mux_provider="*proto5server.Server" tf_rpc=ReadDataSource http.duration=10 http.response.header.date="Sat, 15 Aug 2026 14:21:42 GMT" http.response.header.x_amz_sts_extended_request_id=MTphcC1zb3V0aGVhc3QtMTpTOjE3ODY4MDM3MDIwODU6UjpRWTltRXFnTw== tf_provider_addr=registry.terraform.io/hashicorp/aws
  http.response.body=
  | <GetCallerIdentityResponse xmlns="https://sts.amazonaws.com/doc/2011-06-15/">
  |   <GetCallerIdentityResult>
  |     <Arn>arn:aws:iam::223702251106:user/nway-shoppingcart-console-admin</Arn>
  |     <UserId>AIDA*************NCGP</UserId>
  |     <Account>223702251106</Account>
  |   </GetCallerIdentityResult>
  |   <ResponseMetadata>
  |     <RequestId>c8840d6a-b03b-4756-ab51-a4d7caebae38</RequestId>
  |   </ResponseMetadata>
  | </GetCallerIdentityResponse>
   http.response.header.content_type=text/xml http.response.header.x_amzn_requestid=c8840d6a-b03b-4756-ab51-a4d7caebae38 tf_aws.signing_region="" @caller=github.com/hashicorp/aws-sdk-go-base/v2@v2.0.0-beta.73/logging/tf_logger.go:45 aws.region=ap-southeast-1 http.status_code=200 rpc.system.name=aws-api tf_aws.sdk=aws-sdk-go-v2 tf_req_id=5ce7eea7-60d2-4a73-7e54-4a07271ed990 @module=aws http.response_content_length=428 rpc.method=STS/GetCallerIdentity tf_data_source_type=aws_caller_identity timestamp="2026-08-15T22:21:42.691+0800"
2026-08-15T22:21:42.696+0800 [DEBUG] provider.stdio: received EOF, stopping recv loop: err="rpc error: code = Unavailable desc = error reading from server: EOF"
2026-08-15T22:21:42.754+0800 [INFO]  provider: plugin process exited: plugin=.terraform/providers/registry.terraform.io/hashicorp/aws/6.58.0/windows_amd64/terraform-provider-aws_v6.58.0_x5.exe id=10328
2026-08-15T22:21:42.754+0800 [DEBUG] provider: plugin exited
2026-08-15T22:21:42.756+0800 [DEBUG] no planned changes, skipping apply graph check
2026-08-15T22:21:42.756+0800 [INFO]  backend/local: plan operation completed
2026-08-15T22:24:57.725+0800 [INFO]  Terraform version: 1.15.8
2026-08-15T22:24:57.754+0800 [DEBUG] using github.com/hashicorp/go-tfe v1.105.0
2026-08-15T22:24:57.754+0800 [DEBUG] using github.com/hashicorp/hcl/v2 v2.24.0
2026-08-15T22:24:57.754+0800 [DEBUG] using github.com/hashicorp/terraform-svchost v0.2.1
2026-08-15T22:24:57.754+0800 [DEBUG] using github.com/zclconf/go-cty v1.18.0
2026-08-15T22:24:57.754+0800 [INFO]  Go runtime version: go1.25.10
2026-08-15T22:24:57.754+0800 [INFO]  CLI args: []string{"C:\\Program Files\\Terraform\\terraform.exe", "apply", "-auto-approve"}
2026-08-15T22:24:57.758+0800 [DEBUG] Attempting to open CLI config file: C:\Users\hp\AppData\Roaming\terraform.rc
2026-08-15T22:24:57.758+0800 [DEBUG] File doesn't exist, but doesn't need to. Ignoring.
2026-08-15T22:24:57.758+0800 [DEBUG] ignoring non-existing provider search directory terraform.d/plugins
2026-08-15T22:24:57.758+0800 [DEBUG] ignoring non-existing provider search directory C:\Users\hp\AppData\Roaming\terraform.d\plugins
2026-08-15T22:24:57.759+0800 [DEBUG] ignoring non-existing provider search directory C:\Users\hp\AppData\Roaming\HashiCorp\Terraform\plugins
2026-08-15T22:24:57.760+0800 [INFO]  CLI command args: []string{"apply", "-auto-approve"}
2026-08-15T22:25:04.351+0800 [DEBUG] checking for provisioner in "."
2026-08-15T22:25:04.351+0800 [DEBUG] checking for provisioner in "C:\\Program Files\\Terraform"
2026-08-15T22:25:04.369+0800 [INFO]  backend/local: starting Apply operation
2026-08-15T22:25:04.389+0800 [DEBUG] Starting graph walk: walkInit
2026-08-15T22:25:04.404+0800 [DEBUG] created provider logger: level=debug
2026-08-15T22:25:04.405+0800 [INFO]  provider: configuring client automatic mTLS
2026-08-15T22:25:04.434+0800 [DEBUG] provider: starting plugin: path=.terraform/providers/registry.terraform.io/hashicorp/aws/6.58.0/windows_amd64/terraform-provider-aws_v6.58.0_x5.exe args=[".terraform/providers/registry.terraform.io/hashicorp/aws/6.58.0/windows_amd64/terraform-provider-aws_v6.58.0_x5.exe"]
2026-08-15T22:25:04.443+0800 [DEBUG] provider: plugin started: path=.terraform/providers/registry.terraform.io/hashicorp/aws/6.58.0/windows_amd64/terraform-provider-aws_v6.58.0_x5.exe pid=23412
2026-08-15T22:25:04.444+0800 [DEBUG] provider: waiting for RPC address: plugin=.terraform/providers/registry.terraform.io/hashicorp/aws/6.58.0/windows_amd64/terraform-provider-aws_v6.58.0_x5.exe
2026-08-15T22:25:09.367+0800 [DEBUG] provider.terraform-provider-aws_v6.58.0_x5.exe: Starting github.com/hashicorp/terraform-provider-aws@6.58.0 (go1.26.5)...
2026-08-15T22:25:09.367+0800 [DEBUG] provider.terraform-provider-aws_v6.58.0_x5.exe: Creating Terraform AWS Provider (SDKv2-style)...
2026-08-15T22:25:09.367+0800 [DEBUG] provider.terraform-provider-aws_v6.58.0_x5.exe: Initializing Terraform AWS Provider (SDKv2-style)...
2026-08-15T22:25:10.948+0800 [DEBUG] provider.terraform-provider-aws_v6.58.0_x5.exe: Creating Terraform AWS Provider (Framework-style)...
2026-08-15T22:25:10.957+0800 [DEBUG] provider.terraform-provider-aws_v6.58.0_x5.exe: Initializing Terraform AWS Provider (Framework-style)...
2026-08-15T22:25:11.111+0800 [INFO]  provider.terraform-provider-aws_v6.58.0_x5.exe: configuring server automatic mTLS: timestamp="2026-08-15T22:25:11.049+0800"
2026-08-15T22:25:11.171+0800 [DEBUG] provider.terraform-provider-aws_v6.58.0_x5.exe: plugin address: address=127.0.0.1:10000 network=tcp timestamp="2026-08-15T22:25:11.170+0800"
2026-08-15T22:25:11.171+0800 [DEBUG] provider: using plugin: version=5
2026-08-15T22:25:18.491+0800 [DEBUG] provider.stdio: received EOF, stopping recv loop: err="rpc error: code = Unavailable desc = error reading from server: EOF"
2026-08-15T22:25:18.576+0800 [INFO]  provider: plugin process exited: plugin=.terraform/providers/registry.terraform.io/hashicorp/aws/6.58.0/windows_amd64/terraform-provider-aws_v6.58.0_x5.exe id=23412
2026-08-15T22:25:18.576+0800 [DEBUG] provider: plugin exited
2026-08-15T22:25:18.583+0800 [DEBUG] Building and walking validate graph
2026-08-15T22:25:18.601+0800 [DEBUG] ProviderTransformer: "data.aws_caller_identity.nway-shoppingcart-console-admin" (*terraform.NodeValidatableResource) needs provider["registry.terraform.io/hashicorp/aws"]
2026-08-15T22:25:18.608+0800 [DEBUG] ReferenceTransformer: "data.aws_caller_identity.nway-shoppingcart-console-admin" references: []
2026-08-15T22:25:18.609+0800 [DEBUG] ReferenceTransformer: "provider[\"registry.terraform.io/hashicorp/aws\"]" references: []
2026-08-15T22:25:18.617+0800 [DEBUG] Starting graph walk: walkValidate
2026-08-15T22:25:18.618+0800 [DEBUG] created provider logger: level=debug
2026-08-15T22:25:18.618+0800 [INFO]  provider: configuring client automatic mTLS
2026-08-15T22:25:18.629+0800 [DEBUG] provider: starting plugin: path=.terraform/providers/registry.terraform.io/hashicorp/aws/6.58.0/windows_amd64/terraform-provider-aws_v6.58.0_x5.exe args=[".terraform/providers/registry.terraform.io/hashicorp/aws/6.58.0/windows_amd64/terraform-provider-aws_v6.58.0_x5.exe"]
2026-08-15T22:25:18.637+0800 [DEBUG] provider: plugin started: path=.terraform/providers/registry.terraform.io/hashicorp/aws/6.58.0/windows_amd64/terraform-provider-aws_v6.58.0_x5.exe pid=18368
2026-08-15T22:25:18.637+0800 [DEBUG] provider: waiting for RPC address: plugin=.terraform/providers/registry.terraform.io/hashicorp/aws/6.58.0/windows_amd64/terraform-provider-aws_v6.58.0_x5.exe
2026-08-15T22:25:18.864+0800 [DEBUG] provider.terraform-provider-aws_v6.58.0_x5.exe: Starting github.com/hashicorp/terraform-provider-aws@6.58.0 (go1.26.5)...
2026-08-15T22:25:18.865+0800 [DEBUG] provider.terraform-provider-aws_v6.58.0_x5.exe: Creating Terraform AWS Provider (SDKv2-style)...
2026-08-15T22:25:18.865+0800 [DEBUG] provider.terraform-provider-aws_v6.58.0_x5.exe: Initializing Terraform AWS Provider (SDKv2-style)...
2026-08-15T22:25:18.915+0800 [DEBUG] provider.terraform-provider-aws_v6.58.0_x5.exe: Creating Terraform AWS Provider (Framework-style)...
2026-08-15T22:25:18.915+0800 [DEBUG] provider.terraform-provider-aws_v6.58.0_x5.exe: Initializing Terraform AWS Provider (Framework-style)...
2026-08-15T22:25:18.978+0800 [INFO]  provider.terraform-provider-aws_v6.58.0_x5.exe: configuring server automatic mTLS: timestamp="2026-08-15T22:25:18.920+0800"
2026-08-15T22:25:18.998+0800 [DEBUG] provider: using plugin: version=5
2026-08-15T22:25:18.998+0800 [DEBUG] provider.terraform-provider-aws_v6.58.0_x5.exe: plugin address: address=127.0.0.1:10000 network=tcp timestamp="2026-08-15T22:25:18.998+0800"
2026-08-15T22:25:19.356+0800 [DEBUG] provider.stdio: received EOF, stopping recv loop: err="rpc error: code = Unavailable desc = error reading from server: EOF"
2026-08-15T22:25:19.400+0800 [INFO]  provider: plugin process exited: plugin=.terraform/providers/registry.terraform.io/hashicorp/aws/6.58.0/windows_amd64/terraform-provider-aws_v6.58.0_x5.exe id=18368
2026-08-15T22:25:19.400+0800 [DEBUG] provider: plugin exited
2026-08-15T22:25:19.401+0800 [INFO]  backend/local: apply calling Plan
2026-08-15T22:25:19.403+0800 [DEBUG] Building and walking plan graph for NormalMode
2026-08-15T22:25:19.405+0800 [DEBUG] ProviderTransformer: "data.aws_caller_identity.nway-shoppingcart-console-admin (expand)" (*terraform.nodeExpandPlannableResource) needs provider["registry.terraform.io/hashicorp/aws"]
2026-08-15T22:25:19.405+0800 [DEBUG] ReferenceTransformer: "data.aws_caller_identity.nway-shoppingcart-console-admin (expand)" references: []
2026-08-15T22:25:19.405+0800 [DEBUG] ReferenceTransformer: "provider[\"registry.terraform.io/hashicorp/aws\"]" references: []
2026-08-15T22:25:19.405+0800 [DEBUG] Starting graph walk: walkPlan
2026-08-15T22:25:19.405+0800 [DEBUG] created provider logger: level=debug
2026-08-15T22:25:19.406+0800 [INFO]  provider: configuring client automatic mTLS
2026-08-15T22:25:19.411+0800 [DEBUG] provider: starting plugin: path=.terraform/providers/registry.terraform.io/hashicorp/aws/6.58.0/windows_amd64/terraform-provider-aws_v6.58.0_x5.exe args=[".terraform/providers/registry.terraform.io/hashicorp/aws/6.58.0/windows_amd64/terraform-provider-aws_v6.58.0_x5.exe"]
2026-08-15T22:25:19.417+0800 [DEBUG] provider: plugin started: path=.terraform/providers/registry.terraform.io/hashicorp/aws/6.58.0/windows_amd64/terraform-provider-aws_v6.58.0_x5.exe pid=2224
2026-08-15T22:25:19.417+0800 [DEBUG] provider: waiting for RPC address: plugin=.terraform/providers/registry.terraform.io/hashicorp/aws/6.58.0/windows_amd64/terraform-provider-aws_v6.58.0_x5.exe
2026-08-15T22:25:19.607+0800 [DEBUG] provider.terraform-provider-aws_v6.58.0_x5.exe: Starting github.com/hashicorp/terraform-provider-aws@6.58.0 (go1.26.5)...
2026-08-15T22:25:19.607+0800 [DEBUG] provider.terraform-provider-aws_v6.58.0_x5.exe: Creating Terraform AWS Provider (SDKv2-style)...
2026-08-15T22:25:19.607+0800 [DEBUG] provider.terraform-provider-aws_v6.58.0_x5.exe: Initializing Terraform AWS Provider (SDKv2-style)...
2026-08-15T22:25:19.643+0800 [DEBUG] provider.terraform-provider-aws_v6.58.0_x5.exe: Creating Terraform AWS Provider (Framework-style)...
2026-08-15T22:25:19.643+0800 [DEBUG] provider.terraform-provider-aws_v6.58.0_x5.exe: Initializing Terraform AWS Provider (Framework-style)...
2026-08-15T22:25:19.690+0800 [INFO]  provider.terraform-provider-aws_v6.58.0_x5.exe: configuring server automatic mTLS: timestamp="2026-08-15T22:25:19.646+0800"
2026-08-15T22:25:19.710+0800 [DEBUG] provider: using plugin: version=5
2026-08-15T22:25:19.710+0800 [DEBUG] provider.terraform-provider-aws_v6.58.0_x5.exe: plugin address: network=tcp address=127.0.0.1:10000 timestamp="2026-08-15T22:25:19.709+0800"
2026-08-15T22:25:19.918+0800 [DEBUG] provider.terraform-provider-aws_v6.58.0_x5.exe: Configuring Terraform AWS Provider: tf_provider_addr=registry.terraform.io/hashicorp/aws tf_rpc=ConfigureProvider tf_mux_provider="*schema.GRPCProviderServer" tf_req_id=8313e85d-9011-8bfd-b34c-1ef7dc48cafc @caller=github.com/hashicorp/terraform-provider-aws/internal/conns/config.go:150 @module=aws timestamp="2026-08-15T22:25:19.918+0800"
2026-08-15T22:25:19.955+0800 [DEBUG] provider.terraform-provider-aws_v6.58.0_x5.exe: Resolving credentials provider: @caller=github.com/hashicorp/aws-sdk-go-base/v2@v2.0.0-beta.73/logging/tf_logger.go:47 tf_req_id=8313e85d-9011-8bfd-b34c-1ef7dc48cafc tf_rpc=ConfigureProvider @module=aws.aws-base tf_mux_provider="*schema.GRPCProviderServer" tf_provider_addr=registry.terraform.io/hashicorp/aws timestamp="2026-08-15T22:25:19.954+0800"
2026-08-15T22:25:19.999+0800 [DEBUG] provider.terraform-provider-aws_v6.58.0_x5.exe: Setting profile: @module=aws.aws-base tf_aws.profile.source=provider tf_mux_provider="*schema.GRPCProviderServer" tf_provider_addr=registry.terraform.io/hashicorp/aws tf_req_id=8313e85d-9011-8bfd-b34c-1ef7dc48cafc tf_rpc=ConfigureProvider tf_aws.profile=nway-shoppingcart-console-admin @caller=github.com/hashicorp/aws-sdk-go-base/v2@v2.0.0-beta.73/logging/tf_logger.go:47 timestamp="2026-08-15T22:25:19.998+0800"
2026-08-15T22:25:19.999+0800 [DEBUG] provider.terraform-provider-aws_v6.58.0_x5.exe: Loading configuration: tf_provider_addr=registry.terraform.io/hashicorp/aws @module=aws.aws-base tf_req_id=8313e85d-9011-8bfd-b34c-1ef7dc48cafc tf_rpc=ConfigureProvider @caller=github.com/hashicorp/aws-sdk-go-base/v2@v2.0.0-beta.73/logging/tf_logger.go:47 tf_mux_provider="*schema.GRPCProviderServer" timestamp="2026-08-15T22:25:19.998+0800"
2026-08-15T22:25:20.104+0800 [DEBUG] provider.terraform-provider-aws_v6.58.0_x5.exe: Retrieving credentials: tf_mux_provider="*schema.GRPCProviderServer" tf_req_id=8313e85d-9011-8bfd-b34c-1ef7dc48cafc tf_rpc=ConfigureProvider @caller=github.com/hashicorp/aws-sdk-go-base/v2@v2.0.0-beta.73/logging/tf_logger.go:47 @module=aws.aws-base tf_provider_addr=registry.terraform.io/hashicorp/aws timestamp="2026-08-15T22:25:20.104+0800"
2026-08-15T22:25:20.128+0800 [INFO]  provider.terraform-provider-aws_v6.58.0_x5.exe: Retrieved credentials: @caller=github.com/hashicorp/aws-sdk-go-base/v2@v2.0.0-beta.73/logging/tf_logger.go:39 @module=aws.aws-base tf_aws.credentials_source="SharedConfigCredentials: C:\Users\hp\.aws\credentials" tf_mux_provider="*schema.GRPCProviderServer" tf_provider_addr=registry.terraform.io/hashicorp/aws tf_req_id=8313e85d-9011-8bfd-b34c-1ef7dc48cafc tf_rpc=ConfigureProvider timestamp="2026-08-15T22:25:20.127+0800"
2026-08-15T22:25:20.128+0800 [DEBUG] provider.terraform-provider-aws_v6.58.0_x5.exe: Loading configuration: @caller=github.com/hashicorp/aws-sdk-go-base/v2@v2.0.0-beta.73/logging/tf_logger.go:47 @module=aws.aws-base tf_provider_addr=registry.terraform.io/hashicorp/aws tf_req_id=8313e85d-9011-8bfd-b34c-1ef7dc48cafc tf_rpc=ConfigureProvider tf_mux_provider="*schema.GRPCProviderServer" timestamp="2026-08-15T22:25:20.128+0800"
2026-08-15T22:25:20.133+0800 [DEBUG] provider.terraform-provider-aws_v6.58.0_x5.exe: Retrieving AWS account details: @module=aws tf_mux_provider="*schema.GRPCProviderServer" tf_provider_addr=registry.terraform.io/hashicorp/aws tf_req_id=8313e85d-9011-8bfd-b34c-1ef7dc48cafc tf_rpc=ConfigureProvider @caller=github.com/hashicorp/terraform-provider-aws/internal/conns/config.go:188 timestamp="2026-08-15T22:25:20.133+0800"
2026-08-15T22:25:20.203+0800 [DEBUG] provider.terraform-provider-aws_v6.58.0_x5.exe: Retrieving caller identity from STS: @module=aws.aws-base tf_provider_addr=registry.terraform.io/hashicorp/aws tf_req_id=8313e85d-9011-8bfd-b34c-1ef7dc48cafc @caller=github.com/hashicorp/aws-sdk-go-base/v2@v2.0.0-beta.73/logging/tf_logger.go:47 tf_mux_provider="*schema.GRPCProviderServer" tf_rpc=ConfigureProvider timestamp="2026-08-15T22:25:20.203+0800"
2026-08-15T22:25:20.371+0800 [DEBUG] provider.terraform-provider-aws_v6.58.0_x5.exe: HTTP Request Sent: tf_mux_provider="*schema.GRPCProviderServer" tf_provider_addr=registry.terraform.io/hashicorp/aws tf_rpc=ConfigureProvider @module=aws.aws-base
  http.request.body=
  | Action=GetCallerIdentity&Version=2011-06-15
   http.request.header.content_type=application/x-www-form-urlencoded net.peer.name=sts.ap-southeast-1.amazonaws.com tf_req_id=8313e85d-9011-8bfd-b34c-1ef7dc48cafc @caller=github.com/hashicorp/aws-sdk-go-base/v2@v2.0.0-beta.73/logging/tf_logger.go:47 aws.region=ap-southeast-1 http.request.header.authorization="AWS4-HMAC-SHA256 Credential=AKIA************FBN3/20260815/ap-southeast-1/sts/aws4_request, SignedHeaders=amz-sdk-invocation-id;amz-sdk-request;content-length;content-type;host;x-amz-date, Signature=*****" http.request_content_length=43 http.url=https://sts.ap-southeast-1.amazonaws.com/ http.user_agent="APN/1.0 HashiCorp/1.0 Terraform/1.15.8 (+https://www.terraform.io) terraform-provider-aws/6.58.0 (+https://registry.terraform.io/providers/hashicorp/aws) aws-sdk-go-v2/1.43.2 ua/2.1 os/windows lang/go#1.26.5 md/GOOS#windows md/GOARCH#amd64 api/sts#1.45.2 m/n" http.request.header.amz_sdk_invocation_id=de75b118-981f-45ad-a4e2-21e14aba728a rpc.method=STS/GetCallerIdentity rpc.system.name=aws-api tf_aws.sdk=aws-sdk-go-v2 tf_aws.signing_region="" http.method=POST http.request.header.amz_sdk_request="attempt=1; max=25" http.request.header.x_amz_date=20260815T142520Z timestamp="2026-08-15T22:25:20.370+0800"
2026-08-15T22:25:20.537+0800 [DEBUG] provider.terraform-provider-aws_v6.58.0_x5.exe: HTTP Response Received: @caller=github.com/hashicorp/aws-sdk-go-base/v2@v2.0.0-beta.73/logging/tf_logger.go:47 aws.region=ap-southeast-1 http.duration=165 rpc.method=STS/GetCallerIdentity tf_req_id=8313e85d-9011-8bfd-b34c-1ef7dc48cafc http.response.header.content_type=text/xml http.response_content_length=428 rpc.system.name=aws-api tf_aws.signing_region="" tf_mux_provider="*schema.GRPCProviderServer" tf_provider_addr=registry.terraform.io/hashicorp/aws @module=aws.aws-base
  http.response.body=
  | <GetCallerIdentityResponse xmlns="https://sts.amazonaws.com/doc/2011-06-15/">
  |   <GetCallerIdentityResult>
  |     <Arn>arn:aws:iam::223702251106:user/nway-shoppingcart-console-admin</Arn>
  |     <UserId>AIDA*************NCGP</UserId>
  |     <Account>223702251106</Account>
  |   </GetCallerIdentityResult>
  |   <ResponseMetadata>
  |     <RequestId>24b587fb-dd8f-4a79-89c2-74ffc2aec93f</RequestId>
  |   </ResponseMetadata>
  | </GetCallerIdentityResponse>
   http.response.header.x_amz_sts_extended_request_id=MTphcC1zb3V0aGVhc3QtMTpTOjE3ODY4MDM5MTk5MzE6Ujp4UEw2dEtCYg== tf_aws.sdk=aws-sdk-go-v2 tf_rpc=ConfigureProvider http.response.header.date="Sat, 15 Aug 2026 14:25:19 GMT" http.response.header.x_amzn_requestid=24b587fb-dd8f-4a79-89c2-74ffc2aec93f http.status_code=200 timestamp="2026-08-15T22:25:20.537+0800"
2026-08-15T22:25:20.538+0800 [INFO]  provider.terraform-provider-aws_v6.58.0_x5.exe: Retrieved caller identity from STS: @module=aws.aws-base tf_provider_addr=registry.terraform.io/hashicorp/aws @caller=github.com/hashicorp/aws-sdk-go-base/v2@v2.0.0-beta.73/logging/tf_logger.go:39 tf_mux_provider="*schema.GRPCProviderServer" tf_req_id=8313e85d-9011-8bfd-b34c-1ef7dc48cafc tf_rpc=ConfigureProvider timestamp="2026-08-15T22:25:20.538+0800"
2026-08-15T22:25:20.547+0800 [DEBUG] Resource instance state not found for node "data.aws_caller_identity.nway-shoppingcart-console-admin", instance data.aws_caller_identity.nway-shoppingcart-console-admin
2026-08-15T22:25:20.547+0800 [DEBUG] ReferenceTransformer: "data.aws_caller_identity.nway-shoppingcart-console-admin" references: []
2026-08-15T22:25:20.640+0800 [DEBUG] provider.terraform-provider-aws_v6.58.0_x5.exe: HTTP Request Sent: http.method=POST
  http.request.body=
  | Action=GetCallerIdentity&Version=2011-06-15
   http.request.header.amz_sdk_request="attempt=1; max=25" http.url=https://sts.ap-southeast-1.amazonaws.com/ rpc.system.name=aws-api tf_aws.sdk=aws-sdk-go-v2 http.request.header.amz_sdk_invocation_id=cb04e012-4148-47bc-9f25-4c0a76c30142 http.request.header.content_type=application/x-www-form-urlencoded http.request_content_length=43 http.user_agent="APN/1.0 HashiCorp/1.0 Terraform/1.15.8 (+https://www.terraform.io) terraform-provider-aws/6.58.0 (+https://registry.terraform.io/providers/hashicorp/aws) aws-sdk-go-v2/1.43.2 ua/2.1 os/windows lang/go#1.26.5 md/GOOS#windows md/GOARCH#amd64 api/sts#1.45.2 m/n" tf_mux_provider="*proto5server.Server" tf_provider_addr=registry.terraform.io/hashicorp/aws http.request.header.x_amz_date=20260815T142520Z aws.region=ap-southeast-1 http.request.header.authorization="AWS4-HMAC-SHA256 Credential=AKIA************FBN3/20260815/ap-southeast-1/sts/aws4_request, SignedHeaders=amz-sdk-invocation-id;amz-sdk-request;content-length;content-type;host;x-amz-date, Signature=*****" net.peer.name=sts.ap-southeast-1.amazonaws.com tf_aws.signing_region="" tf_data_source_type=aws_caller_identity tf_req_id=0ad7a03e-7994-71d9-eb12-c3ff43e2d0c1 @module=aws rpc.method=STS/GetCallerIdentity tf_rpc=ReadDataSource @caller=github.com/hashicorp/aws-sdk-go-base/v2@v2.0.0-beta.73/logging/tf_logger.go:45 timestamp="2026-08-15T22:25:20.639+0800"
2026-08-15T22:25:20.647+0800 [DEBUG] provider.terraform-provider-aws_v6.58.0_x5.exe: HTTP Response Received: aws.region=ap-southeast-1
  http.response.body=
  | <GetCallerIdentityResponse xmlns="https://sts.amazonaws.com/doc/2011-06-15/">
  |   <GetCallerIdentityResult>
  |     <Arn>arn:aws:iam::223702251106:user/nway-shoppingcart-console-admin</Arn>
  |     <UserId>AIDA*************NCGP</UserId>
  |     <Account>223702251106</Account>
  |   </GetCallerIdentityResult>
  |   <ResponseMetadata>
  |     <RequestId>ec9630f0-b1aa-40ef-98cf-e0da52ef2a23</RequestId>
  |   </ResponseMetadata>
  | </GetCallerIdentityResponse>
   rpc.method=STS/GetCallerIdentity rpc.system.name=aws-api tf_aws.sdk=aws-sdk-go-v2 http.response.header.x_amz_sts_extended_request_id=MTphcC1zb3V0aGVhc3QtMTpTOjE3ODY4MDM5MjAwNDU6UjpyQzVNRnVUMA== http.status_code=200 tf_aws.signing_region="" tf_data_source_type=aws_caller_identity tf_mux_provider="*proto5server.Server" tf_provider_addr=registry.terraform.io/hashicorp/aws tf_req_id=0ad7a03e-7994-71d9-eb12-c3ff43e2d0c1 http.response.header.x_amzn_requestid=ec9630f0-b1aa-40ef-98cf-e0da52ef2a23 http.duration=8 http.response.header.content_type=text/xml http.response.header.date="Sat, 15 Aug 2026 14:25:20 GMT" tf_rpc=ReadDataSource http.response_content_length=428 @caller=github.com/hashicorp/aws-sdk-go-base/v2@v2.0.0-beta.73/logging/tf_logger.go:45 @module=aws timestamp="2026-08-15T22:25:20.647+0800"
2026-08-15T22:25:20.651+0800 [DEBUG] provider.stdio: received EOF, stopping recv loop: err="rpc error: code = Unavailable desc = error reading from server: EOF"
2026-08-15T22:25:20.703+0800 [INFO]  provider: plugin process exited: plugin=.terraform/providers/registry.terraform.io/hashicorp/aws/6.58.0/windows_amd64/terraform-provider-aws_v6.58.0_x5.exe id=2224
2026-08-15T22:25:20.703+0800 [DEBUG] provider: plugin exited
2026-08-15T22:25:20.705+0800 [DEBUG] no planned changes, skipping apply graph check
2026-08-15T22:25:20.886+0800 [INFO]  backend/local: apply calling Apply
2026-08-15T22:25:20.886+0800 [DEBUG] Building and walking apply graph for NormalMode plan
2026-08-15T22:25:20.887+0800 [DEBUG] ProviderTransformer: "data.aws_caller_identity.nway-shoppingcart-console-admin (expand)" (*terraform.nodeExpandApplyableResource) needs provider["registry.terraform.io/hashicorp/aws"]
2026-08-15T22:25:20.887+0800 [DEBUG] ReferenceTransformer: "data.aws_caller_identity.nway-shoppingcart-console-admin (expand)" references: []
2026-08-15T22:25:20.887+0800 [DEBUG] ReferenceTransformer: "provider[\"registry.terraform.io/hashicorp/aws\"]" references: []
2026-08-15T22:25:20.887+0800 [DEBUG] Starting graph walk: walkApply
2026-08-15T22:25:20.888+0800 [DEBUG] created provider logger: level=debug
2026-08-15T22:25:20.888+0800 [INFO]  provider: configuring client automatic mTLS
2026-08-15T22:25:20.894+0800 [DEBUG] provider: starting plugin: path=.terraform/providers/registry.terraform.io/hashicorp/aws/6.58.0/windows_amd64/terraform-provider-aws_v6.58.0_x5.exe args=[".terraform/providers/registry.terraform.io/hashicorp/aws/6.58.0/windows_amd64/terraform-provider-aws_v6.58.0_x5.exe"]
2026-08-15T22:25:20.902+0800 [DEBUG] provider: plugin started: path=.terraform/providers/registry.terraform.io/hashicorp/aws/6.58.0/windows_amd64/terraform-provider-aws_v6.58.0_x5.exe pid=3484
2026-08-15T22:25:20.902+0800 [DEBUG] provider: waiting for RPC address: plugin=.terraform/providers/registry.terraform.io/hashicorp/aws/6.58.0/windows_amd64/terraform-provider-aws_v6.58.0_x5.exe
2026-08-15T22:25:21.049+0800 [DEBUG] provider.terraform-provider-aws_v6.58.0_x5.exe: Starting github.com/hashicorp/terraform-provider-aws@6.58.0 (go1.26.5)...
2026-08-15T22:25:21.049+0800 [DEBUG] provider.terraform-provider-aws_v6.58.0_x5.exe: Creating Terraform AWS Provider (SDKv2-style)...
2026-08-15T22:25:21.049+0800 [DEBUG] provider.terraform-provider-aws_v6.58.0_x5.exe: Initializing Terraform AWS Provider (SDKv2-style)...
2026-08-15T22:25:21.079+0800 [DEBUG] provider.terraform-provider-aws_v6.58.0_x5.exe: Creating Terraform AWS Provider (Framework-style)...
2026-08-15T22:25:21.080+0800 [DEBUG] provider.terraform-provider-aws_v6.58.0_x5.exe: Initializing Terraform AWS Provider (Framework-style)...
2026-08-15T22:25:21.110+0800 [INFO]  provider.terraform-provider-aws_v6.58.0_x5.exe: configuring server automatic mTLS: timestamp="2026-08-15T22:25:21.082+0800"
2026-08-15T22:25:21.121+0800 [DEBUG] provider.terraform-provider-aws_v6.58.0_x5.exe: plugin address: address=127.0.0.1:10000 network=tcp timestamp="2026-08-15T22:25:21.121+0800"
2026-08-15T22:25:21.121+0800 [DEBUG] provider: using plugin: version=5
2026-08-15T22:25:21.242+0800 [DEBUG] provider.terraform-provider-aws_v6.58.0_x5.exe: Configuring Terraform AWS Provider: @module=aws tf_provider_addr=registry.terraform.io/hashicorp/aws @caller=github.com/hashicorp/terraform-provider-aws/internal/conns/config.go:150 tf_mux_provider="*schema.GRPCProviderServer" tf_req_id=9d40e22d-c56b-e7f3-1384-13ff4db44024 tf_rpc=ConfigureProvider timestamp="2026-08-15T22:25:21.242+0800"
2026-08-15T22:25:21.242+0800 [DEBUG] provider.terraform-provider-aws_v6.58.0_x5.exe: Resolving credentials provider: tf_mux_provider="*schema.GRPCProviderServer" tf_provider_addr=registry.terraform.io/hashicorp/aws tf_req_id=9d40e22d-c56b-e7f3-1384-13ff4db44024 tf_rpc=ConfigureProvider @caller=github.com/hashicorp/aws-sdk-go-base/v2@v2.0.0-beta.73/logging/tf_logger.go:47 @module=aws.aws-base timestamp="2026-08-15T22:25:21.242+0800"
2026-08-15T22:25:21.242+0800 [DEBUG] provider.terraform-provider-aws_v6.58.0_x5.exe: Setting profile: @module=aws.aws-base tf_aws.profile=nway-shoppingcart-console-admin tf_mux_provider="*schema.GRPCProviderServer" tf_rpc=ConfigureProvider @caller=github.com/hashicorp/aws-sdk-go-base/v2@v2.0.0-beta.73/logging/tf_logger.go:47 tf_aws.profile.source=provider tf_provider_addr=registry.terraform.io/hashicorp/aws tf_req_id=9d40e22d-c56b-e7f3-1384-13ff4db44024 timestamp="2026-08-15T22:25:21.242+0800"
2026-08-15T22:25:21.242+0800 [DEBUG] provider.terraform-provider-aws_v6.58.0_x5.exe: Loading configuration: tf_mux_provider="*schema.GRPCProviderServer" tf_req_id=9d40e22d-c56b-e7f3-1384-13ff4db44024 tf_rpc=ConfigureProvider @caller=github.com/hashicorp/aws-sdk-go-base/v2@v2.0.0-beta.73/logging/tf_logger.go:47 @module=aws.aws-base tf_provider_addr=registry.terraform.io/hashicorp/aws timestamp="2026-08-15T22:25:21.242+0800"
2026-08-15T22:25:21.243+0800 [DEBUG] provider.terraform-provider-aws_v6.58.0_x5.exe: Retrieving credentials: tf_provider_addr=registry.terraform.io/hashicorp/aws tf_req_id=9d40e22d-c56b-e7f3-1384-13ff4db44024 tf_rpc=ConfigureProvider @caller=github.com/hashicorp/aws-sdk-go-base/v2@v2.0.0-beta.73/logging/tf_logger.go:47 @module=aws.aws-base tf_mux_provider="*schema.GRPCProviderServer" timestamp="2026-08-15T22:25:21.242+0800"
2026-08-15T22:25:21.243+0800 [INFO]  provider.terraform-provider-aws_v6.58.0_x5.exe: Retrieved credentials: @module=aws.aws-base tf_aws.credentials_source="SharedConfigCredentials: C:\Users\hp\.aws\credentials" tf_mux_provider="*schema.GRPCProviderServer" tf_provider_addr=registry.terraform.io/hashicorp/aws tf_req_id=9d40e22d-c56b-e7f3-1384-13ff4db44024 tf_rpc=ConfigureProvider @caller=github.com/hashicorp/aws-sdk-go-base/v2@v2.0.0-beta.73/logging/tf_logger.go:39 timestamp="2026-08-15T22:25:21.243+0800"
2026-08-15T22:25:21.243+0800 [DEBUG] provider.terraform-provider-aws_v6.58.0_x5.exe: Loading configuration: tf_req_id=9d40e22d-c56b-e7f3-1384-13ff4db44024 tf_rpc=ConfigureProvider @module=aws.aws-base tf_provider_addr=registry.terraform.io/hashicorp/aws @caller=github.com/hashicorp/aws-sdk-go-base/v2@v2.0.0-beta.73/logging/tf_logger.go:47 tf_mux_provider="*schema.GRPCProviderServer" timestamp="2026-08-15T22:25:21.243+0800"
2026-08-15T22:25:21.243+0800 [DEBUG] provider.terraform-provider-aws_v6.58.0_x5.exe: Retrieving AWS account details: @module=aws tf_provider_addr=registry.terraform.io/hashicorp/aws tf_req_id=9d40e22d-c56b-e7f3-1384-13ff4db44024 @caller=github.com/hashicorp/terraform-provider-aws/internal/conns/config.go:188 tf_mux_provider="*schema.GRPCProviderServer" tf_rpc=ConfigureProvider timestamp="2026-08-15T22:25:21.243+0800"
2026-08-15T22:25:21.243+0800 [DEBUG] provider.terraform-provider-aws_v6.58.0_x5.exe: Retrieving caller identity from STS: tf_mux_provider="*schema.GRPCProviderServer" tf_req_id=9d40e22d-c56b-e7f3-1384-13ff4db44024 @module=aws.aws-base tf_provider_addr=registry.terraform.io/hashicorp/aws tf_rpc=ConfigureProvider @caller=github.com/hashicorp/aws-sdk-go-base/v2@v2.0.0-beta.73/logging/tf_logger.go:47 timestamp="2026-08-15T22:25:21.243+0800"
2026-08-15T22:25:21.244+0800 [DEBUG] provider.terraform-provider-aws_v6.58.0_x5.exe: HTTP Request Sent: rpc.method=STS/GetCallerIdentity
  http.request.body=
  | Action=GetCallerIdentity&Version=2011-06-15
   http.request.header.amz_sdk_invocation_id=b917c11a-6379-4f40-959f-f906f33350be http.request.header.amz_sdk_request="attempt=1; max=25" http.request.header.authorization="AWS4-HMAC-SHA256 Credential=AKIA************FBN3/20260815/ap-southeast-1/sts/aws4_request, SignedHeaders=amz-sdk-invocation-id;amz-sdk-request;content-length;content-type;host;x-amz-date, Signature=*****" http.request_content_length=43 tf_aws.sdk=aws-sdk-go-v2 tf_mux_provider="*schema.GRPCProviderServer" http.method=POST rpc.system.name=aws-api tf_aws.signing_region="" tf_provider_addr=registry.terraform.io/hashicorp/aws tf_req_id=9d40e22d-c56b-e7f3-1384-13ff4db44024 tf_rpc=ConfigureProvider @caller=github.com/hashicorp/aws-sdk-go-base/v2@v2.0.0-beta.73/logging/tf_logger.go:47 http.user_agent="APN/1.0 HashiCorp/1.0 Terraform/1.15.8 (+https://www.terraform.io) terraform-provider-aws/6.58.0 (+https://registry.terraform.io/providers/hashicorp/aws) aws-sdk-go-v2/1.43.2 ua/2.1 os/windows lang/go#1.26.5 md/GOOS#windows md/GOARCH#amd64 api/sts#1.45.2 m/n" @module=aws.aws-base aws.region=ap-southeast-1 http.request.header.content_type=application/x-www-form-urlencoded http.request.header.x_amz_date=20260815T142521Z http.url=https://sts.ap-southeast-1.amazonaws.com/ net.peer.name=sts.ap-southeast-1.amazonaws.com timestamp="2026-08-15T22:25:21.244+0800"
2026-08-15T22:25:21.351+0800 [DEBUG] provider.terraform-provider-aws_v6.58.0_x5.exe: HTTP Response Received: aws.region=ap-southeast-1 http.response.header.content_type=text/xml http.response.header.date="Sat, 15 Aug 2026 14:25:20 GMT" rpc.system.name=aws-api tf_mux_provider="*schema.GRPCProviderServer" tf_provider_addr=registry.terraform.io/hashicorp/aws @module=aws.aws-base http.duration=107 http.response.header.x_amz_sts_extended_request_id=MTphcC1zb3V0aGVhc3QtMTpTOjE3ODY4MDM5MjA3NDQ6UjoyVkZ1QldyQQ== http.status_code=200 tf_req_id=9d40e22d-c56b-e7f3-1384-13ff4db44024 tf_rpc=ConfigureProvider
  http.response.body=
  | <GetCallerIdentityResponse xmlns="https://sts.amazonaws.com/doc/2011-06-15/">
  |   <GetCallerIdentityResult>
  |     <Arn>arn:aws:iam::223702251106:user/nway-shoppingcart-console-admin</Arn>
  |     <UserId>AIDA*************NCGP</UserId>
  |     <Account>223702251106</Account>
  |   </GetCallerIdentityResult>
  |   <ResponseMetadata>
  |     <RequestId>d97fa25b-5c0d-4738-85c9-b327123e087c</RequestId>
  |   </ResponseMetadata>
  | </GetCallerIdentityResponse>
   http.response.header.x_amzn_requestid=d97fa25b-5c0d-4738-85c9-b327123e087c http.response_content_length=428 rpc.method=STS/GetCallerIdentity tf_aws.sdk=aws-sdk-go-v2 tf_aws.signing_region="" @caller=github.com/hashicorp/aws-sdk-go-base/v2@v2.0.0-beta.73/logging/tf_logger.go:47 timestamp="2026-08-15T22:25:21.351+0800"
2026-08-15T22:25:21.352+0800 [INFO]  provider.terraform-provider-aws_v6.58.0_x5.exe: Retrieved caller identity from STS: tf_mux_provider="*schema.GRPCProviderServer" tf_provider_addr=registry.terraform.io/hashicorp/aws tf_req_id=9d40e22d-c56b-e7f3-1384-13ff4db44024 tf_rpc=ConfigureProvider @module=aws.aws-base @caller=github.com/hashicorp/aws-sdk-go-base/v2@v2.0.0-beta.73/logging/tf_logger.go:39 timestamp="2026-08-15T22:25:21.351+0800"
2026-08-15T22:25:21.354+0800 [DEBUG] provider.stdio: received EOF, stopping recv loop: err="rpc error: code = Unavailable desc = error reading from server: EOF"
2026-08-15T22:25:21.406+0800 [INFO]  provider: plugin process exited: plugin=.terraform/providers/registry.terraform.io/hashicorp/aws/6.58.0/windows_amd64/terraform-provider-aws_v6.58.0_x5.exe id=3484
2026-08-15T22:25:21.406+0800 [DEBUG] provider: plugin exited
2026-08-15T22:27:45.066+0800 [INFO]  Terraform version: 1.15.8
2026-08-15T22:27:45.097+0800 [DEBUG] using github.com/hashicorp/go-tfe v1.105.0
2026-08-15T22:27:45.097+0800 [DEBUG] using github.com/hashicorp/hcl/v2 v2.24.0
2026-08-15T22:27:45.097+0800 [DEBUG] using github.com/hashicorp/terraform-svchost v0.2.1
2026-08-15T22:27:45.097+0800 [DEBUG] using github.com/zclconf/go-cty v1.18.0
2026-08-15T22:27:45.097+0800 [INFO]  Go runtime version: go1.25.10
2026-08-15T22:27:45.097+0800 [INFO]  CLI args: []string{"C:\\Program Files\\Terraform\\terraform.exe", "init"}
2026-08-15T22:27:45.101+0800 [DEBUG] Attempting to open CLI config file: C:\Users\hp\AppData\Roaming\terraform.rc
2026-08-15T22:27:45.101+0800 [DEBUG] File doesn't exist, but doesn't need to. Ignoring.
2026-08-15T22:27:45.101+0800 [DEBUG] ignoring non-existing provider search directory terraform.d/plugins
2026-08-15T22:27:45.101+0800 [DEBUG] ignoring non-existing provider search directory C:\Users\hp\AppData\Roaming\terraform.d\plugins
2026-08-15T22:27:45.102+0800 [DEBUG] ignoring non-existing provider search directory C:\Users\hp\AppData\Roaming\HashiCorp\Terraform\plugins
2026-08-15T22:27:45.102+0800 [INFO]  CLI command args: []string{"init"}
2026-08-15T22:27:51.630+0800 [DEBUG] checking for provisioner in "."
2026-08-15T22:27:51.630+0800 [DEBUG] checking for provisioner in "C:\\Program Files\\Terraform"
2026-08-15T22:27:51.638+0800 [DEBUG] Starting graph walk: walkInit
2026-08-15T22:27:51.643+0800 [DEBUG] Service discovery for registry.terraform.io at https://registry.terraform.io/.well-known/terraform.json
2026-08-15T22:27:52.007+0800 [DEBUG] GET https://registry.terraform.io/v1/providers/hashicorp/aws/versions
2026-08-15T22:29:03.841+0800 [INFO]  Terraform version: 1.15.8
2026-08-15T22:29:03.872+0800 [DEBUG] using github.com/hashicorp/go-tfe v1.105.0
2026-08-15T22:29:03.872+0800 [DEBUG] using github.com/hashicorp/hcl/v2 v2.24.0
2026-08-15T22:29:03.872+0800 [DEBUG] using github.com/hashicorp/terraform-svchost v0.2.1
2026-08-15T22:29:03.872+0800 [DEBUG] using github.com/zclconf/go-cty v1.18.0
2026-08-15T22:29:03.872+0800 [INFO]  Go runtime version: go1.25.10
2026-08-15T22:29:03.872+0800 [INFO]  CLI args: []string{"C:\\Program Files\\Terraform\\terraform.exe", "init"}
2026-08-15T22:29:03.875+0800 [DEBUG] Attempting to open CLI config file: C:\Users\hp\AppData\Roaming\terraform.rc
2026-08-15T22:29:03.876+0800 [DEBUG] File doesn't exist, but doesn't need to. Ignoring.
2026-08-15T22:29:03.876+0800 [DEBUG] ignoring non-existing provider search directory terraform.d/plugins
2026-08-15T22:29:03.876+0800 [DEBUG] ignoring non-existing provider search directory C:\Users\hp\AppData\Roaming\terraform.d\plugins
2026-08-15T22:29:03.877+0800 [DEBUG] ignoring non-existing provider search directory C:\Users\hp\AppData\Roaming\HashiCorp\Terraform\plugins
2026-08-15T22:29:03.878+0800 [INFO]  CLI command args: []string{"init"}
2026-08-15T22:29:06.442+0800 [DEBUG] checking for provisioner in "."
2026-08-15T22:29:06.442+0800 [DEBUG] checking for provisioner in "C:\\Program Files\\Terraform"
2026-08-15T22:29:06.444+0800 [DEBUG] Starting graph walk: walkInit
2026-08-15T22:29:06.444+0800 [DEBUG] Service discovery for registry.terraform.io at https://registry.terraform.io/.well-known/terraform.json
2026-08-15T22:29:06.563+0800 [DEBUG] GET https://registry.terraform.io/v1/providers/hashicorp/aws/versions
2026-08-15T22:29:24.264+0800 [INFO]  Terraform version: 1.15.8
2026-08-15T22:29:24.291+0800 [DEBUG] using github.com/hashicorp/go-tfe v1.105.0
2026-08-15T22:29:24.291+0800 [DEBUG] using github.com/hashicorp/hcl/v2 v2.24.0
2026-08-15T22:29:24.291+0800 [DEBUG] using github.com/hashicorp/terraform-svchost v0.2.1
2026-08-15T22:29:24.292+0800 [DEBUG] using github.com/zclconf/go-cty v1.18.0
2026-08-15T22:29:24.292+0800 [INFO]  Go runtime version: go1.25.10
2026-08-15T22:29:24.292+0800 [INFO]  CLI args: []string{"C:\\Program Files\\Terraform\\terraform.exe", "plan"}
2026-08-15T22:29:24.294+0800 [DEBUG] Attempting to open CLI config file: C:\Users\hp\AppData\Roaming\terraform.rc
2026-08-15T22:29:24.294+0800 [DEBUG] File doesn't exist, but doesn't need to. Ignoring.
2026-08-15T22:29:24.295+0800 [DEBUG] ignoring non-existing provider search directory terraform.d/plugins
2026-08-15T22:29:24.295+0800 [DEBUG] ignoring non-existing provider search directory C:\Users\hp\AppData\Roaming\terraform.d\plugins
2026-08-15T22:29:24.296+0800 [DEBUG] ignoring non-existing provider search directory C:\Users\hp\AppData\Roaming\HashiCorp\Terraform\plugins
2026-08-15T22:29:24.296+0800 [INFO]  CLI command args: []string{"plan"}
2026-08-15T22:29:26.581+0800 [DEBUG] checking for provisioner in "."
2026-08-15T22:29:26.581+0800 [DEBUG] checking for provisioner in "C:\\Program Files\\Terraform"
2026-08-15T22:29:26.584+0800 [INFO]  backend/local: starting Plan operation
2026-08-15T22:29:26.591+0800 [DEBUG] Starting graph walk: walkInit
2026-08-15T22:29:26.592+0800 [DEBUG] created provider logger: level=debug
2026-08-15T22:29:26.592+0800 [INFO]  provider: configuring client automatic mTLS
2026-08-15T22:29:26.605+0800 [DEBUG] provider: starting plugin: path=.terraform/providers/registry.terraform.io/hashicorp/aws/6.58.0/windows_amd64/terraform-provider-aws_v6.58.0_x5.exe args=[".terraform/providers/registry.terraform.io/hashicorp/aws/6.58.0/windows_amd64/terraform-provider-aws_v6.58.0_x5.exe"]
2026-08-15T22:29:26.614+0800 [DEBUG] provider: plugin started: path=.terraform/providers/registry.terraform.io/hashicorp/aws/6.58.0/windows_amd64/terraform-provider-aws_v6.58.0_x5.exe pid=26860
2026-08-15T22:29:26.614+0800 [DEBUG] provider: waiting for RPC address: plugin=.terraform/providers/registry.terraform.io/hashicorp/aws/6.58.0/windows_amd64/terraform-provider-aws_v6.58.0_x5.exe
2026-08-15T22:29:26.744+0800 [DEBUG] provider.terraform-provider-aws_v6.58.0_x5.exe: Starting github.com/hashicorp/terraform-provider-aws@6.58.0 (go1.26.5)...
2026-08-15T22:29:26.744+0800 [DEBUG] provider.terraform-provider-aws_v6.58.0_x5.exe: Creating Terraform AWS Provider (SDKv2-style)...
2026-08-15T22:29:26.744+0800 [DEBUG] provider.terraform-provider-aws_v6.58.0_x5.exe: Initializing Terraform AWS Provider (SDKv2-style)...
2026-08-15T22:29:26.781+0800 [DEBUG] provider.terraform-provider-aws_v6.58.0_x5.exe: Creating Terraform AWS Provider (Framework-style)...
2026-08-15T22:29:26.782+0800 [DEBUG] provider.terraform-provider-aws_v6.58.0_x5.exe: Initializing Terraform AWS Provider (Framework-style)...
2026-08-15T22:29:26.811+0800 [INFO]  provider.terraform-provider-aws_v6.58.0_x5.exe: configuring server automatic mTLS: timestamp="2026-08-15T22:29:26.784+0800"
2026-08-15T22:29:26.822+0800 [DEBUG] provider.terraform-provider-aws_v6.58.0_x5.exe: plugin address: address=127.0.0.1:10000 network=tcp timestamp="2026-08-15T22:29:26.822+0800"
2026-08-15T22:29:26.822+0800 [DEBUG] provider: using plugin: version=5
2026-08-15T22:29:30.960+0800 [DEBUG] provider.stdio: received EOF, stopping recv loop: err="rpc error: code = Unavailable desc = error reading from server: EOF"
2026-08-15T22:29:31.054+0800 [INFO]  provider: plugin process exited: plugin=.terraform/providers/registry.terraform.io/hashicorp/aws/6.58.0/windows_amd64/terraform-provider-aws_v6.58.0_x5.exe id=26860
2026-08-15T22:29:31.054+0800 [DEBUG] provider: plugin exited
2026-08-15T22:29:31.060+0800 [DEBUG] Building and walking validate graph
2026-08-15T22:29:31.068+0800 [DEBUG] ProviderTransformer: "data.aws_caller_identity.nway-shoppingcart-console-admin" (*terraform.NodeValidatableResource) needs provider["registry.terraform.io/hashicorp/aws"]
2026-08-15T22:29:31.070+0800 [DEBUG] ReferenceTransformer: "data.aws_caller_identity.nway-shoppingcart-console-admin" references: []
2026-08-15T22:29:31.071+0800 [DEBUG] ReferenceTransformer: "output.account_id (expand)" references: [data.aws_caller_identity.nway-shoppingcart-console-admin]
2026-08-15T22:29:31.071+0800 [DEBUG] ReferenceTransformer: "provider[\"registry.terraform.io/hashicorp/aws\"]" references: []
2026-08-15T22:29:31.073+0800 [DEBUG] Starting graph walk: walkValidate
2026-08-15T22:29:31.074+0800 [DEBUG] created provider logger: level=debug
2026-08-15T22:29:31.074+0800 [INFO]  provider: configuring client automatic mTLS
2026-08-15T22:29:31.080+0800 [DEBUG] provider: starting plugin: path=.terraform/providers/registry.terraform.io/hashicorp/aws/6.58.0/windows_amd64/terraform-provider-aws_v6.58.0_x5.exe args=[".terraform/providers/registry.terraform.io/hashicorp/aws/6.58.0/windows_amd64/terraform-provider-aws_v6.58.0_x5.exe"]
2026-08-15T22:29:31.085+0800 [DEBUG] provider: plugin started: path=.terraform/providers/registry.terraform.io/hashicorp/aws/6.58.0/windows_amd64/terraform-provider-aws_v6.58.0_x5.exe pid=25940
2026-08-15T22:29:31.085+0800 [DEBUG] provider: waiting for RPC address: plugin=.terraform/providers/registry.terraform.io/hashicorp/aws/6.58.0/windows_amd64/terraform-provider-aws_v6.58.0_x5.exe
2026-08-15T22:29:31.221+0800 [DEBUG] provider.terraform-provider-aws_v6.58.0_x5.exe: Starting github.com/hashicorp/terraform-provider-aws@6.58.0 (go1.26.5)...
2026-08-15T22:29:31.221+0800 [DEBUG] provider.terraform-provider-aws_v6.58.0_x5.exe: Creating Terraform AWS Provider (SDKv2-style)...
2026-08-15T22:29:31.221+0800 [DEBUG] provider.terraform-provider-aws_v6.58.0_x5.exe: Initializing Terraform AWS Provider (SDKv2-style)...
2026-08-15T22:29:31.257+0800 [DEBUG] provider.terraform-provider-aws_v6.58.0_x5.exe: Creating Terraform AWS Provider (Framework-style)...
2026-08-15T22:29:31.257+0800 [DEBUG] provider.terraform-provider-aws_v6.58.0_x5.exe: Initializing Terraform AWS Provider (Framework-style)...
2026-08-15T22:29:31.292+0800 [INFO]  provider.terraform-provider-aws_v6.58.0_x5.exe: configuring server automatic mTLS: timestamp="2026-08-15T22:29:31.259+0800"
2026-08-15T22:29:31.305+0800 [DEBUG] provider: using plugin: version=5
2026-08-15T22:29:31.305+0800 [DEBUG] provider.terraform-provider-aws_v6.58.0_x5.exe: plugin address: network=tcp address=127.0.0.1:10000 timestamp="2026-08-15T22:29:31.305+0800"
2026-08-15T22:29:31.598+0800 [DEBUG] provider.stdio: received EOF, stopping recv loop: err="rpc error: code = Unavailable desc = error reading from server: EOF"
2026-08-15T22:29:31.641+0800 [INFO]  provider: plugin process exited: plugin=.terraform/providers/registry.terraform.io/hashicorp/aws/6.58.0/windows_amd64/terraform-provider-aws_v6.58.0_x5.exe id=25940
2026-08-15T22:29:31.641+0800 [DEBUG] provider: plugin exited
2026-08-15T22:29:31.642+0800 [INFO]  backend/local: plan calling Plan
2026-08-15T22:29:31.645+0800 [DEBUG] Building and walking plan graph for NormalMode
2026-08-15T22:29:31.647+0800 [DEBUG] ProviderTransformer: "data.aws_caller_identity.nway-shoppingcart-console-admin (expand)" (*terraform.nodeExpandPlannableResource) needs provider["registry.terraform.io/hashicorp/aws"]
2026-08-15T22:29:31.647+0800 [DEBUG] ReferenceTransformer: "data.aws_caller_identity.nway-shoppingcart-console-admin (expand)" references: []
2026-08-15T22:29:31.647+0800 [DEBUG] ReferenceTransformer: "output.account_id (expand)" references: [data.aws_caller_identity.nway-shoppingcart-console-admin (expand)]
2026-08-15T22:29:31.647+0800 [DEBUG] ReferenceTransformer: "provider[\"registry.terraform.io/hashicorp/aws\"]" references: []
2026-08-15T22:29:31.647+0800 [DEBUG] Starting graph walk: walkPlan
2026-08-15T22:29:31.647+0800 [DEBUG] created provider logger: level=debug
2026-08-15T22:29:31.647+0800 [INFO]  provider: configuring client automatic mTLS
2026-08-15T22:29:31.654+0800 [DEBUG] provider: starting plugin: path=.terraform/providers/registry.terraform.io/hashicorp/aws/6.58.0/windows_amd64/terraform-provider-aws_v6.58.0_x5.exe args=[".terraform/providers/registry.terraform.io/hashicorp/aws/6.58.0/windows_amd64/terraform-provider-aws_v6.58.0_x5.exe"]
2026-08-15T22:29:31.663+0800 [DEBUG] provider: plugin started: path=.terraform/providers/registry.terraform.io/hashicorp/aws/6.58.0/windows_amd64/terraform-provider-aws_v6.58.0_x5.exe pid=25668
2026-08-15T22:29:31.663+0800 [DEBUG] provider: waiting for RPC address: plugin=.terraform/providers/registry.terraform.io/hashicorp/aws/6.58.0/windows_amd64/terraform-provider-aws_v6.58.0_x5.exe
2026-08-15T22:29:31.823+0800 [DEBUG] provider.terraform-provider-aws_v6.58.0_x5.exe: Starting github.com/hashicorp/terraform-provider-aws@6.58.0 (go1.26.5)...
2026-08-15T22:29:31.823+0800 [DEBUG] provider.terraform-provider-aws_v6.58.0_x5.exe: Creating Terraform AWS Provider (SDKv2-style)...
2026-08-15T22:29:31.823+0800 [DEBUG] provider.terraform-provider-aws_v6.58.0_x5.exe: Initializing Terraform AWS Provider (SDKv2-style)...
2026-08-15T22:29:31.864+0800 [DEBUG] provider.terraform-provider-aws_v6.58.0_x5.exe: Creating Terraform AWS Provider (Framework-style)...
2026-08-15T22:29:31.864+0800 [DEBUG] provider.terraform-provider-aws_v6.58.0_x5.exe: Initializing Terraform AWS Provider (Framework-style)...
2026-08-15T22:29:31.915+0800 [INFO]  provider.terraform-provider-aws_v6.58.0_x5.exe: configuring server automatic mTLS: timestamp="2026-08-15T22:29:31.867+0800"
2026-08-15T22:29:31.929+0800 [DEBUG] provider.terraform-provider-aws_v6.58.0_x5.exe: plugin address: address=127.0.0.1:10000 network=tcp timestamp="2026-08-15T22:29:31.929+0800"
2026-08-15T22:29:31.929+0800 [DEBUG] provider: using plugin: version=5
2026-08-15T22:29:32.105+0800 [DEBUG] provider.terraform-provider-aws_v6.58.0_x5.exe: Configuring Terraform AWS Provider: tf_provider_addr=registry.terraform.io/hashicorp/aws tf_req_id=b5c44940-489c-1677-2766-c523b088fc54 tf_rpc=ConfigureProvider @caller=github.com/hashicorp/terraform-provider-aws/internal/conns/config.go:150 @module=aws tf_mux_provider="*schema.GRPCProviderServer" timestamp="2026-08-15T22:29:32.104+0800"
2026-08-15T22:29:32.141+0800 [DEBUG] provider.terraform-provider-aws_v6.58.0_x5.exe: Resolving credentials provider: tf_mux_provider="*schema.GRPCProviderServer" tf_provider_addr=registry.terraform.io/hashicorp/aws tf_req_id=b5c44940-489c-1677-2766-c523b088fc54 tf_rpc=ConfigureProvider @caller=github.com/hashicorp/aws-sdk-go-base/v2@v2.0.0-beta.73/logging/tf_logger.go:47 @module=aws.aws-base timestamp="2026-08-15T22:29:32.140+0800"
2026-08-15T22:29:32.164+0800 [DEBUG] provider.terraform-provider-aws_v6.58.0_x5.exe: Setting profile: @module=aws.aws-base tf_aws.profile=nway-shoppingcart-console-admin tf_mux_provider="*schema.GRPCProviderServer" tf_provider_addr=registry.terraform.io/hashicorp/aws tf_req_id=b5c44940-489c-1677-2766-c523b088fc54 tf_rpc=ConfigureProvider @caller=github.com/hashicorp/aws-sdk-go-base/v2@v2.0.0-beta.73/logging/tf_logger.go:47 tf_aws.profile.source=provider timestamp="2026-08-15T22:29:32.164+0800"
2026-08-15T22:29:32.165+0800 [DEBUG] provider.terraform-provider-aws_v6.58.0_x5.exe: Loading configuration: @caller=github.com/hashicorp/aws-sdk-go-base/v2@v2.0.0-beta.73/logging/tf_logger.go:47 @module=aws.aws-base tf_mux_provider="*schema.GRPCProviderServer" tf_rpc=ConfigureProvider tf_provider_addr=registry.terraform.io/hashicorp/aws tf_req_id=b5c44940-489c-1677-2766-c523b088fc54 timestamp="2026-08-15T22:29:32.164+0800"
2026-08-15T22:29:32.178+0800 [DEBUG] provider.terraform-provider-aws_v6.58.0_x5.exe: Retrieving credentials: @caller=github.com/hashicorp/aws-sdk-go-base/v2@v2.0.0-beta.73/logging/tf_logger.go:47 @module=aws.aws-base tf_provider_addr=registry.terraform.io/hashicorp/aws tf_req_id=b5c44940-489c-1677-2766-c523b088fc54 tf_rpc=ConfigureProvider tf_mux_provider="*schema.GRPCProviderServer" timestamp="2026-08-15T22:29:32.178+0800"
2026-08-15T22:29:32.179+0800 [INFO]  provider.terraform-provider-aws_v6.58.0_x5.exe: Retrieved credentials: tf_rpc=ConfigureProvider @module=aws.aws-base tf_mux_provider="*schema.GRPCProviderServer" tf_provider_addr=registry.terraform.io/hashicorp/aws @caller=github.com/hashicorp/aws-sdk-go-base/v2@v2.0.0-beta.73/logging/tf_logger.go:39 tf_aws.credentials_source="SharedConfigCredentials: C:\Users\hp\.aws\credentials" tf_req_id=b5c44940-489c-1677-2766-c523b088fc54 timestamp="2026-08-15T22:29:32.179+0800"
2026-08-15T22:29:32.179+0800 [DEBUG] provider.terraform-provider-aws_v6.58.0_x5.exe: Loading configuration: tf_provider_addr=registry.terraform.io/hashicorp/aws tf_rpc=ConfigureProvider @module=aws.aws-base tf_mux_provider="*schema.GRPCProviderServer" tf_req_id=b5c44940-489c-1677-2766-c523b088fc54 @caller=github.com/hashicorp/aws-sdk-go-base/v2@v2.0.0-beta.73/logging/tf_logger.go:47 timestamp="2026-08-15T22:29:32.179+0800"
2026-08-15T22:29:32.179+0800 [DEBUG] provider.terraform-provider-aws_v6.58.0_x5.exe: Retrieving AWS account details: tf_rpc=ConfigureProvider @caller=github.com/hashicorp/terraform-provider-aws/internal/conns/config.go:188 tf_provider_addr=registry.terraform.io/hashicorp/aws @module=aws tf_mux_provider="*schema.GRPCProviderServer" tf_req_id=b5c44940-489c-1677-2766-c523b088fc54 timestamp="2026-08-15T22:29:32.179+0800"
2026-08-15T22:29:32.188+0800 [DEBUG] provider.terraform-provider-aws_v6.58.0_x5.exe: Retrieving caller identity from STS: tf_req_id=b5c44940-489c-1677-2766-c523b088fc54 tf_rpc=ConfigureProvider @module=aws.aws-base tf_mux_provider="*schema.GRPCProviderServer" @caller=github.com/hashicorp/aws-sdk-go-base/v2@v2.0.0-beta.73/logging/tf_logger.go:47 tf_provider_addr=registry.terraform.io/hashicorp/aws timestamp="2026-08-15T22:29:32.188+0800"
2026-08-15T22:29:32.246+0800 [DEBUG] provider.terraform-provider-aws_v6.58.0_x5.exe: HTTP Request Sent: http.url=https://sts.ap-southeast-1.amazonaws.com/ tf_aws.signing_region="" tf_req_id=b5c44940-489c-1677-2766-c523b088fc54 tf_rpc=ConfigureProvider
  http.request.body=
  | Action=GetCallerIdentity&Version=2011-06-15
   http.request.header.amz_sdk_invocation_id=ff38106e-1bec-4881-b649-ec955f9c7ac7 http.request.header.x_amz_date=20260815T142932Z http.user_agent="APN/1.0 HashiCorp/1.0 Terraform/1.15.8 (+https://www.terraform.io) terraform-provider-aws/6.58.0 (+https://registry.terraform.io/providers/hashicorp/aws) aws-sdk-go-v2/1.43.2 ua/2.1 os/windows lang/go#1.26.5 md/GOOS#windows md/GOARCH#amd64 api/sts#1.45.2 m/n" net.peer.name=sts.ap-southeast-1.amazonaws.com rpc.method=STS/GetCallerIdentity rpc.system.name=aws-api @module=aws.aws-base http.request.header.amz_sdk_request="attempt=1; max=25" http.request.header.content_type=application/x-www-form-urlencoded tf_aws.sdk=aws-sdk-go-v2 http.method=POST http.request.header.authorization="AWS4-HMAC-SHA256 Credential=AKIA************FBN3/20260815/ap-southeast-1/sts/aws4_request, SignedHeaders=amz-sdk-invocation-id;amz-sdk-request;content-length;content-type;host;x-amz-date, Signature=*****" http.request_content_length=43 tf_mux_provider="*schema.GRPCProviderServer" tf_provider_addr=registry.terraform.io/hashicorp/aws @caller=github.com/hashicorp/aws-sdk-go-base/v2@v2.0.0-beta.73/logging/tf_logger.go:47 aws.region=ap-southeast-1 timestamp="2026-08-15T22:29:32.246+0800"
2026-08-15T22:29:32.359+0800 [DEBUG] provider.terraform-provider-aws_v6.58.0_x5.exe: HTTP Response Received: http.response_content_length=428 http.status_code=200 tf_mux_provider="*schema.GRPCProviderServer" tf_provider_addr=registry.terraform.io/hashicorp/aws @caller=github.com/hashicorp/aws-sdk-go-base/v2@v2.0.0-beta.73/logging/tf_logger.go:47 http.response.header.date="Sat, 15 Aug 2026 14:29:31 GMT" tf_rpc=ConfigureProvider @module=aws.aws-base aws.region=ap-southeast-1 http.response.header.x_amzn_requestid=5cc73392-3a53-493a-9496-23610e4086b5 tf_aws.sdk=aws-sdk-go-v2 tf_req_id=b5c44940-489c-1677-2766-c523b088fc54 http.response.header.x_amz_sts_extended_request_id=MTphcC1zb3V0aGVhc3QtMTpTOjE3ODY4MDQxNzE3NTQ6UjpTOHpGMzJyNQ== rpc.method=STS/GetCallerIdentity rpc.system.name=aws-api tf_aws.signing_region="" http.duration=112
  http.response.body=
  | <GetCallerIdentityResponse xmlns="https://sts.amazonaws.com/doc/2011-06-15/">
  |   <GetCallerIdentityResult>
  |     <Arn>arn:aws:iam::223702251106:user/nway-shoppingcart-console-admin</Arn>
  |     <UserId>AIDA*************NCGP</UserId>
  |     <Account>223702251106</Account>
  |   </GetCallerIdentityResult>
  |   <ResponseMetadata>
  |     <RequestId>5cc73392-3a53-493a-9496-23610e4086b5</RequestId>
  |   </ResponseMetadata>
  | </GetCallerIdentityResponse>
   http.response.header.content_type=text/xml timestamp="2026-08-15T22:29:32.359+0800"
2026-08-15T22:29:32.359+0800 [INFO]  provider.terraform-provider-aws_v6.58.0_x5.exe: Retrieved caller identity from STS: @caller=github.com/hashicorp/aws-sdk-go-base/v2@v2.0.0-beta.73/logging/tf_logger.go:39 tf_req_id=b5c44940-489c-1677-2766-c523b088fc54 tf_rpc=ConfigureProvider @module=aws.aws-base tf_mux_provider="*schema.GRPCProviderServer" tf_provider_addr=registry.terraform.io/hashicorp/aws timestamp="2026-08-15T22:29:32.359+0800"
2026-08-15T22:29:32.374+0800 [DEBUG] ReferenceTransformer: "data.aws_caller_identity.nway-shoppingcart-console-admin" references: []
2026-08-15T22:29:32.422+0800 [DEBUG] provider.terraform-provider-aws_v6.58.0_x5.exe: HTTP Request Sent: http.request.header.authorization="AWS4-HMAC-SHA256 Credential=AKIA************FBN3/20260815/ap-southeast-1/sts/aws4_request, SignedHeaders=amz-sdk-invocation-id;amz-sdk-request;content-length;content-type;host;x-amz-date, Signature=*****" http.url=https://sts.ap-southeast-1.amazonaws.com/ tf_mux_provider="*proto5server.Server" tf_req_id=2334763d-aff1-3ea7-9cda-af620e491456 aws.region=ap-southeast-1 http.request.header.amz_sdk_invocation_id=148db864-c513-44d7-92b9-8ec1a18aa00f http.request.header.amz_sdk_request="attempt=1; max=25" http.request.header.content_type=application/x-www-form-urlencoded http.request_content_length=43 net.peer.name=sts.ap-southeast-1.amazonaws.com rpc.method=STS/GetCallerIdentity tf_aws.signing_region="" @module=aws http.method=POST http.request.header.x_amz_date=20260815T142932Z tf_aws.sdk=aws-sdk-go-v2 tf_data_source_type=aws_caller_identity tf_provider_addr=registry.terraform.io/hashicorp/aws
  http.request.body=
  | Action=GetCallerIdentity&Version=2011-06-15
   http.user_agent="APN/1.0 HashiCorp/1.0 Terraform/1.15.8 (+https://www.terraform.io) terraform-provider-aws/6.58.0 (+https://registry.terraform.io/providers/hashicorp/aws) aws-sdk-go-v2/1.43.2 ua/2.1 os/windows lang/go#1.26.5 md/GOOS#windows md/GOARCH#amd64 api/sts#1.45.2 m/n" rpc.system.name=aws-api tf_rpc=ReadDataSource @caller=github.com/hashicorp/aws-sdk-go-base/v2@v2.0.0-beta.73/logging/tf_logger.go:45 timestamp="2026-08-15T22:29:32.422+0800"
2026-08-15T22:29:32.429+0800 [DEBUG] provider.terraform-provider-aws_v6.58.0_x5.exe: HTTP Response Received: @module=aws aws.region=ap-southeast-1 http.duration=6 tf_data_source_type=aws_caller_identity tf_provider_addr=registry.terraform.io/hashicorp/aws tf_req_id=2334763d-aff1-3ea7-9cda-af620e491456
  http.response.body=
  | <GetCallerIdentityResponse xmlns="https://sts.amazonaws.com/doc/2011-06-15/">
  |   <GetCallerIdentityResult>
  |     <Arn>arn:aws:iam::223702251106:user/nway-shoppingcart-console-admin</Arn>
  |     <UserId>AIDA*************NCGP</UserId>
  |     <Account>223702251106</Account>
  |   </GetCallerIdentityResult>
  |   <ResponseMetadata>
  |     <RequestId>f611a8e7-adc4-41f9-b6db-adc5803dc17f</RequestId>
  |   </ResponseMetadata>
  | </GetCallerIdentityResponse>
   http.response.header.x_amz_sts_extended_request_id=MTphcC1zb3V0aGVhc3QtMTpTOjE3ODY4MDQxNzE4Mjk6UjpBc2FiQ0Q2eQ== rpc.system.name=aws-api tf_rpc=ReadDataSource http.response.header.content_type=text/xml http.response.header.date="Sat, 15 Aug 2026 14:29:31 GMT" http.response_content_length=428 tf_mux_provider="*proto5server.Server" @caller=github.com/hashicorp/aws-sdk-go-base/v2@v2.0.0-beta.73/logging/tf_logger.go:45 http.response.header.x_amzn_requestid=f611a8e7-adc4-41f9-b6db-adc5803dc17f http.status_code=200 rpc.method=STS/GetCallerIdentity tf_aws.sdk=aws-sdk-go-v2 tf_aws.signing_region="" timestamp="2026-08-15T22:29:32.429+0800"
2026-08-15T22:29:32.433+0800 [DEBUG] provider.stdio: received EOF, stopping recv loop: err="rpc error: code = Unavailable desc = error reading from server: EOF"
2026-08-15T22:29:32.481+0800 [INFO]  provider: plugin process exited: plugin=.terraform/providers/registry.terraform.io/hashicorp/aws/6.58.0/windows_amd64/terraform-provider-aws_v6.58.0_x5.exe id=25668
2026-08-15T22:29:32.481+0800 [DEBUG] provider: plugin exited
2026-08-15T22:29:32.484+0800 [DEBUG] building apply graph to check for errors
2026-08-15T22:29:32.485+0800 [DEBUG] ProviderTransformer: "data.aws_caller_identity.nway-shoppingcart-console-admin (expand)" (*terraform.nodeExpandApplyableResource) needs provider["registry.terraform.io/hashicorp/aws"]
2026-08-15T22:29:32.485+0800 [DEBUG] ReferenceTransformer: "provider[\"registry.terraform.io/hashicorp/aws\"]" references: []
2026-08-15T22:29:32.485+0800 [DEBUG] ReferenceTransformer: "data.aws_caller_identity.nway-shoppingcart-console-admin (expand)" references: []
2026-08-15T22:29:32.485+0800 [DEBUG] ReferenceTransformer: "output.account_id (expand)" references: [data.aws_caller_identity.nway-shoppingcart-console-admin (expand)]
2026-08-15T22:29:32.485+0800 [INFO]  backend/local: plan operation completed
2026-08-15T22:30:40.138+0800 [INFO]  Terraform version: 1.15.8
2026-08-15T22:30:40.165+0800 [DEBUG] using github.com/hashicorp/go-tfe v1.105.0
2026-08-15T22:30:40.165+0800 [DEBUG] using github.com/hashicorp/hcl/v2 v2.24.0
2026-08-15T22:30:40.165+0800 [DEBUG] using github.com/hashicorp/terraform-svchost v0.2.1
2026-08-15T22:30:40.165+0800 [DEBUG] using github.com/zclconf/go-cty v1.18.0
2026-08-15T22:30:40.165+0800 [INFO]  Go runtime version: go1.25.10
2026-08-15T22:30:40.165+0800 [INFO]  CLI args: []string{"C:\\Program Files\\Terraform\\terraform.exe", "plan"}
2026-08-15T22:30:40.168+0800 [DEBUG] Attempting to open CLI config file: C:\Users\hp\AppData\Roaming\terraform.rc
2026-08-15T22:30:40.169+0800 [DEBUG] File doesn't exist, but doesn't need to. Ignoring.
2026-08-15T22:30:40.169+0800 [DEBUG] ignoring non-existing provider search directory terraform.d/plugins
2026-08-15T22:30:40.169+0800 [DEBUG] ignoring non-existing provider search directory C:\Users\hp\AppData\Roaming\terraform.d\plugins
2026-08-15T22:30:40.170+0800 [DEBUG] ignoring non-existing provider search directory C:\Users\hp\AppData\Roaming\HashiCorp\Terraform\plugins
2026-08-15T22:30:40.170+0800 [INFO]  CLI command args: []string{"plan"}
2026-08-15T22:30:44.648+0800 [DEBUG] checking for provisioner in "."
2026-08-15T22:30:44.648+0800 [DEBUG] checking for provisioner in "C:\\Program Files\\Terraform"
2026-08-15T22:30:44.649+0800 [INFO]  backend/local: starting Plan operation
2026-08-15T22:30:44.654+0800 [DEBUG] Starting graph walk: walkInit
2026-08-15T22:30:44.655+0800 [DEBUG] created provider logger: level=debug
2026-08-15T22:30:44.655+0800 [INFO]  provider: configuring client automatic mTLS
2026-08-15T22:30:44.668+0800 [DEBUG] provider: starting plugin: path=.terraform/providers/registry.terraform.io/hashicorp/aws/6.58.0/windows_amd64/terraform-provider-aws_v6.58.0_x5.exe args=[".terraform/providers/registry.terraform.io/hashicorp/aws/6.58.0/windows_amd64/terraform-provider-aws_v6.58.0_x5.exe"]
2026-08-15T22:30:44.676+0800 [DEBUG] provider: plugin started: path=.terraform/providers/registry.terraform.io/hashicorp/aws/6.58.0/windows_amd64/terraform-provider-aws_v6.58.0_x5.exe pid=21552
2026-08-15T22:30:44.676+0800 [DEBUG] provider: waiting for RPC address: plugin=.terraform/providers/registry.terraform.io/hashicorp/aws/6.58.0/windows_amd64/terraform-provider-aws_v6.58.0_x5.exe
2026-08-15T22:30:44.800+0800 [DEBUG] provider.terraform-provider-aws_v6.58.0_x5.exe: Starting github.com/hashicorp/terraform-provider-aws@6.58.0 (go1.26.5)...
2026-08-15T22:30:44.800+0800 [DEBUG] provider.terraform-provider-aws_v6.58.0_x5.exe: Creating Terraform AWS Provider (SDKv2-style)...
2026-08-15T22:30:44.800+0800 [DEBUG] provider.terraform-provider-aws_v6.58.0_x5.exe: Initializing Terraform AWS Provider (SDKv2-style)...
2026-08-15T22:30:44.827+0800 [DEBUG] provider.terraform-provider-aws_v6.58.0_x5.exe: Creating Terraform AWS Provider (Framework-style)...
2026-08-15T22:30:44.828+0800 [DEBUG] provider.terraform-provider-aws_v6.58.0_x5.exe: Initializing Terraform AWS Provider (Framework-style)...
2026-08-15T22:30:44.858+0800 [INFO]  provider.terraform-provider-aws_v6.58.0_x5.exe: configuring server automatic mTLS: timestamp="2026-08-15T22:30:44.829+0800"
2026-08-15T22:30:44.869+0800 [DEBUG] provider.terraform-provider-aws_v6.58.0_x5.exe: plugin address: address=127.0.0.1:10000 network=tcp timestamp="2026-08-15T22:30:44.869+0800"
2026-08-15T22:30:44.869+0800 [DEBUG] provider: using plugin: version=5
2026-08-15T22:30:46.798+0800 [DEBUG] provider.stdio: received EOF, stopping recv loop: err="rpc error: code = Unavailable desc = error reading from server: EOF"
2026-08-15T22:30:46.885+0800 [INFO]  provider: plugin process exited: plugin=.terraform/providers/registry.terraform.io/hashicorp/aws/6.58.0/windows_amd64/terraform-provider-aws_v6.58.0_x5.exe id=21552
2026-08-15T22:30:46.885+0800 [DEBUG] provider: plugin exited
2026-08-15T22:30:46.891+0800 [DEBUG] Building and walking validate graph
2026-08-15T22:30:46.900+0800 [DEBUG] ProviderTransformer: "data.aws_caller_identity.nway-shoppingcart-console-admin" (*terraform.NodeValidatableResource) needs provider["registry.terraform.io/hashicorp/aws"]
2026-08-15T22:30:46.903+0800 [DEBUG] ReferenceTransformer: "data.aws_caller_identity.nway-shoppingcart-console-admin" references: []
2026-08-15T22:30:46.903+0800 [DEBUG] ReferenceTransformer: "output.account_id (expand)" references: [data.aws_caller_identity.nway-shoppingcart-console-admin]
2026-08-15T22:30:46.903+0800 [DEBUG] ReferenceTransformer: "provider[\"registry.terraform.io/hashicorp/aws\"]" references: []
2026-08-15T22:30:46.905+0800 [DEBUG] Starting graph walk: walkValidate
2026-08-15T22:30:46.907+0800 [DEBUG] created provider logger: level=debug
2026-08-15T22:30:46.907+0800 [INFO]  provider: configuring client automatic mTLS
2026-08-15T22:30:46.917+0800 [DEBUG] provider: starting plugin: path=.terraform/providers/registry.terraform.io/hashicorp/aws/6.58.0/windows_amd64/terraform-provider-aws_v6.58.0_x5.exe args=[".terraform/providers/registry.terraform.io/hashicorp/aws/6.58.0/windows_amd64/terraform-provider-aws_v6.58.0_x5.exe"]
2026-08-15T22:30:46.922+0800 [DEBUG] provider: plugin started: path=.terraform/providers/registry.terraform.io/hashicorp/aws/6.58.0/windows_amd64/terraform-provider-aws_v6.58.0_x5.exe pid=27016
2026-08-15T22:30:46.922+0800 [DEBUG] provider: waiting for RPC address: plugin=.terraform/providers/registry.terraform.io/hashicorp/aws/6.58.0/windows_amd64/terraform-provider-aws_v6.58.0_x5.exe
2026-08-15T22:30:47.068+0800 [DEBUG] provider.terraform-provider-aws_v6.58.0_x5.exe: Starting github.com/hashicorp/terraform-provider-aws@6.58.0 (go1.26.5)...
2026-08-15T22:30:47.068+0800 [DEBUG] provider.terraform-provider-aws_v6.58.0_x5.exe: Creating Terraform AWS Provider (SDKv2-style)...
2026-08-15T22:30:47.068+0800 [DEBUG] provider.terraform-provider-aws_v6.58.0_x5.exe: Initializing Terraform AWS Provider (SDKv2-style)...
2026-08-15T22:30:47.099+0800 [DEBUG] provider.terraform-provider-aws_v6.58.0_x5.exe: Creating Terraform AWS Provider (Framework-style)...
2026-08-15T22:30:47.100+0800 [DEBUG] provider.terraform-provider-aws_v6.58.0_x5.exe: Initializing Terraform AWS Provider (Framework-style)...
2026-08-15T22:30:47.134+0800 [INFO]  provider.terraform-provider-aws_v6.58.0_x5.exe: configuring server automatic mTLS: timestamp="2026-08-15T22:30:47.102+0800"
2026-08-15T22:30:47.147+0800 [DEBUG] provider: using plugin: version=5
2026-08-15T22:30:47.147+0800 [DEBUG] provider.terraform-provider-aws_v6.58.0_x5.exe: plugin address: address=127.0.0.1:10000 network=tcp timestamp="2026-08-15T22:30:47.147+0800"
2026-08-15T22:30:47.383+0800 [DEBUG] provider.stdio: received EOF, stopping recv loop: err="rpc error: code = Unavailable desc = error reading from server: EOF"
2026-08-15T22:30:47.424+0800 [INFO]  provider: plugin process exited: plugin=.terraform/providers/registry.terraform.io/hashicorp/aws/6.58.0/windows_amd64/terraform-provider-aws_v6.58.0_x5.exe id=27016
2026-08-15T22:30:47.424+0800 [DEBUG] provider: plugin exited
2026-08-15T22:30:47.426+0800 [INFO]  backend/local: plan calling Plan
2026-08-15T22:30:47.429+0800 [DEBUG] Building and walking plan graph for NormalMode
2026-08-15T22:30:47.431+0800 [DEBUG] ProviderTransformer: "data.aws_caller_identity.nway-shoppingcart-console-admin (expand)" (*terraform.nodeExpandPlannableResource) needs provider["registry.terraform.io/hashicorp/aws"]
2026-08-15T22:30:47.431+0800 [DEBUG] ReferenceTransformer: "output.account_id (expand)" references: [data.aws_caller_identity.nway-shoppingcart-console-admin (expand)]
2026-08-15T22:30:47.431+0800 [DEBUG] ReferenceTransformer: "provider[\"registry.terraform.io/hashicorp/aws\"]" references: []
2026-08-15T22:30:47.431+0800 [DEBUG] ReferenceTransformer: "data.aws_caller_identity.nway-shoppingcart-console-admin (expand)" references: []
2026-08-15T22:30:47.431+0800 [DEBUG] Starting graph walk: walkPlan
2026-08-15T22:30:47.432+0800 [DEBUG] created provider logger: level=debug
2026-08-15T22:30:47.432+0800 [INFO]  provider: configuring client automatic mTLS
2026-08-15T22:30:47.437+0800 [DEBUG] provider: starting plugin: path=.terraform/providers/registry.terraform.io/hashicorp/aws/6.58.0/windows_amd64/terraform-provider-aws_v6.58.0_x5.exe args=[".terraform/providers/registry.terraform.io/hashicorp/aws/6.58.0/windows_amd64/terraform-provider-aws_v6.58.0_x5.exe"]
2026-08-15T22:30:47.443+0800 [DEBUG] provider: plugin started: path=.terraform/providers/registry.terraform.io/hashicorp/aws/6.58.0/windows_amd64/terraform-provider-aws_v6.58.0_x5.exe pid=2348
2026-08-15T22:30:47.443+0800 [DEBUG] provider: waiting for RPC address: plugin=.terraform/providers/registry.terraform.io/hashicorp/aws/6.58.0/windows_amd64/terraform-provider-aws_v6.58.0_x5.exe
2026-08-15T22:30:47.579+0800 [DEBUG] provider.terraform-provider-aws_v6.58.0_x5.exe: Starting github.com/hashicorp/terraform-provider-aws@6.58.0 (go1.26.5)...
2026-08-15T22:30:47.580+0800 [DEBUG] provider.terraform-provider-aws_v6.58.0_x5.exe: Creating Terraform AWS Provider (SDKv2-style)...
2026-08-15T22:30:47.581+0800 [DEBUG] provider.terraform-provider-aws_v6.58.0_x5.exe: Initializing Terraform AWS Provider (SDKv2-style)...
2026-08-15T22:30:47.613+0800 [DEBUG] provider.terraform-provider-aws_v6.58.0_x5.exe: Creating Terraform AWS Provider (Framework-style)...
2026-08-15T22:30:47.614+0800 [DEBUG] provider.terraform-provider-aws_v6.58.0_x5.exe: Initializing Terraform AWS Provider (Framework-style)...
2026-08-15T22:30:47.649+0800 [INFO]  provider.terraform-provider-aws_v6.58.0_x5.exe: configuring server automatic mTLS: timestamp="2026-08-15T22:30:47.616+0800"
2026-08-15T22:30:47.663+0800 [DEBUG] provider: using plugin: version=5
2026-08-15T22:30:47.663+0800 [DEBUG] provider.terraform-provider-aws_v6.58.0_x5.exe: plugin address: address=127.0.0.1:10000 network=tcp timestamp="2026-08-15T22:30:47.663+0800"
2026-08-15T22:30:47.820+0800 [DEBUG] provider.terraform-provider-aws_v6.58.0_x5.exe: Configuring Terraform AWS Provider: @caller=github.com/hashicorp/terraform-provider-aws/internal/conns/config.go:150 @module=aws tf_mux_provider="*schema.GRPCProviderServer" tf_provider_addr=registry.terraform.io/hashicorp/aws tf_req_id=ceb73b99-2926-b19e-d03b-fdf02c1ac4c0 tf_rpc=ConfigureProvider timestamp="2026-08-15T22:30:47.820+0800"
2026-08-15T22:30:47.821+0800 [DEBUG] provider.terraform-provider-aws_v6.58.0_x5.exe: Resolving credentials provider: @module=aws.aws-base tf_req_id=ceb73b99-2926-b19e-d03b-fdf02c1ac4c0 tf_rpc=ConfigureProvider tf_mux_provider="*schema.GRPCProviderServer" tf_provider_addr=registry.terraform.io/hashicorp/aws @caller=github.com/hashicorp/aws-sdk-go-base/v2@v2.0.0-beta.73/logging/tf_logger.go:47 timestamp="2026-08-15T22:30:47.821+0800"
2026-08-15T22:30:47.828+0800 [DEBUG] provider.terraform-provider-aws_v6.58.0_x5.exe: Setting profile: @caller=github.com/hashicorp/aws-sdk-go-base/v2@v2.0.0-beta.73/logging/tf_logger.go:47 tf_aws.profile=nway-shoppingcart-console-admin tf_req_id=ceb73b99-2926-b19e-d03b-fdf02c1ac4c0 tf_rpc=ConfigureProvider @module=aws.aws-base tf_aws.profile.source=provider tf_mux_provider="*schema.GRPCProviderServer" tf_provider_addr=registry.terraform.io/hashicorp/aws timestamp="2026-08-15T22:30:47.828+0800"
2026-08-15T22:30:47.828+0800 [DEBUG] provider.terraform-provider-aws_v6.58.0_x5.exe: Loading configuration: @module=aws.aws-base tf_provider_addr=registry.terraform.io/hashicorp/aws tf_req_id=ceb73b99-2926-b19e-d03b-fdf02c1ac4c0 @caller=github.com/hashicorp/aws-sdk-go-base/v2@v2.0.0-beta.73/logging/tf_logger.go:47 tf_mux_provider="*schema.GRPCProviderServer" tf_rpc=ConfigureProvider timestamp="2026-08-15T22:30:47.828+0800"
2026-08-15T22:30:47.843+0800 [DEBUG] provider.terraform-provider-aws_v6.58.0_x5.exe: Retrieving credentials: tf_rpc=ConfigureProvider tf_mux_provider="*schema.GRPCProviderServer" tf_provider_addr=registry.terraform.io/hashicorp/aws tf_req_id=ceb73b99-2926-b19e-d03b-fdf02c1ac4c0 @caller=github.com/hashicorp/aws-sdk-go-base/v2@v2.0.0-beta.73/logging/tf_logger.go:47 @module=aws.aws-base timestamp="2026-08-15T22:30:47.842+0800"
2026-08-15T22:30:47.843+0800 [INFO]  provider.terraform-provider-aws_v6.58.0_x5.exe: Retrieved credentials: tf_aws.credentials_source="SharedConfigCredentials: C:\Users\hp\.aws\credentials" tf_mux_provider="*schema.GRPCProviderServer" tf_rpc=ConfigureProvider @caller=github.com/hashicorp/aws-sdk-go-base/v2@v2.0.0-beta.73/logging/tf_logger.go:39 @module=aws.aws-base tf_provider_addr=registry.terraform.io/hashicorp/aws tf_req_id=ceb73b99-2926-b19e-d03b-fdf02c1ac4c0 timestamp="2026-08-15T22:30:47.843+0800"
2026-08-15T22:30:47.843+0800 [DEBUG] provider.terraform-provider-aws_v6.58.0_x5.exe: Loading configuration: tf_req_id=ceb73b99-2926-b19e-d03b-fdf02c1ac4c0 @caller=github.com/hashicorp/aws-sdk-go-base/v2@v2.0.0-beta.73/logging/tf_logger.go:47 tf_mux_provider="*schema.GRPCProviderServer" tf_provider_addr=registry.terraform.io/hashicorp/aws tf_rpc=ConfigureProvider @module=aws.aws-base timestamp="2026-08-15T22:30:47.843+0800"
2026-08-15T22:30:47.843+0800 [DEBUG] provider.terraform-provider-aws_v6.58.0_x5.exe: Retrieving AWS account details: @module=aws tf_mux_provider="*schema.GRPCProviderServer" tf_provider_addr=registry.terraform.io/hashicorp/aws tf_req_id=ceb73b99-2926-b19e-d03b-fdf02c1ac4c0 tf_rpc=ConfigureProvider @caller=github.com/hashicorp/terraform-provider-aws/internal/conns/config.go:188 timestamp="2026-08-15T22:30:47.843+0800"
2026-08-15T22:30:47.853+0800 [DEBUG] provider.terraform-provider-aws_v6.58.0_x5.exe: Retrieving caller identity from STS: @module=aws.aws-base tf_req_id=ceb73b99-2926-b19e-d03b-fdf02c1ac4c0 tf_rpc=ConfigureProvider @caller=github.com/hashicorp/aws-sdk-go-base/v2@v2.0.0-beta.73/logging/tf_logger.go:47 tf_mux_provider="*schema.GRPCProviderServer" tf_provider_addr=registry.terraform.io/hashicorp/aws timestamp="2026-08-15T22:30:47.853+0800"
2026-08-15T22:30:47.889+0800 [DEBUG] provider.terraform-provider-aws_v6.58.0_x5.exe: HTTP Request Sent: http.request_content_length=43 rpc.method=STS/GetCallerIdentity tf_req_id=ceb73b99-2926-b19e-d03b-fdf02c1ac4c0 @module=aws.aws-base
  http.request.body=
  | Action=GetCallerIdentity&Version=2011-06-15
   http.request.header.content_type=application/x-www-form-urlencoded http.request.header.x_amz_date=20260815T143047Z http.user_agent="APN/1.0 HashiCorp/1.0 Terraform/1.15.8 (+https://www.terraform.io) terraform-provider-aws/6.58.0 (+https://registry.terraform.io/providers/hashicorp/aws) aws-sdk-go-v2/1.43.2 ua/2.1 os/windows lang/go#1.26.5 md/GOOS#windows md/GOARCH#amd64 api/sts#1.45.2 m/n" tf_rpc=ConfigureProvider aws.region=ap-southeast-1 net.peer.name=sts.ap-southeast-1.amazonaws.com http.request.header.amz_sdk_invocation_id=6982c4f6-87d2-443a-a910-0e671f6c3b1d http.request.header.amz_sdk_request="attempt=1; max=25" http.url=https://sts.ap-southeast-1.amazonaws.com/ rpc.system.name=aws-api tf_aws.sdk=aws-sdk-go-v2 tf_aws.signing_region="" tf_mux_provider="*schema.GRPCProviderServer" tf_provider_addr=registry.terraform.io/hashicorp/aws @caller=github.com/hashicorp/aws-sdk-go-base/v2@v2.0.0-beta.73/logging/tf_logger.go:47 http.method=POST http.request.header.authorization="AWS4-HMAC-SHA256 Credential=AKIA************FBN3/20260815/ap-southeast-1/sts/aws4_request, SignedHeaders=amz-sdk-invocation-id;amz-sdk-request;content-length;content-type;host;x-amz-date, Signature=*****" timestamp="2026-08-15T22:30:47.888+0800"
2026-08-15T22:30:48.019+0800 [DEBUG] provider.terraform-provider-aws_v6.58.0_x5.exe: HTTP Response Received:
  http.response.body=
  | <GetCallerIdentityResponse xmlns="https://sts.amazonaws.com/doc/2011-06-15/">
  |   <GetCallerIdentityResult>
  |     <Arn>arn:aws:iam::223702251106:user/nway-shoppingcart-console-admin</Arn>
  |     <UserId>AIDA*************NCGP</UserId>
  |     <Account>223702251106</Account>
  |   </GetCallerIdentityResult>
  |   <ResponseMetadata>
  |     <RequestId>e639035a-911a-49b2-ba56-09139d2ced51</RequestId>
  |   </ResponseMetadata>
  | </GetCallerIdentityResponse>
   http.response.header.date="Sat, 15 Aug 2026 14:30:47 GMT" http.response.header.x_amz_sts_extended_request_id=MTphcC1zb3V0aGVhc3QtMTpTOjE3ODY4MDQyNDc0MTM6UjoxeHo5ZG1GRQ== aws.region=ap-southeast-1 http.duration=130 tf_req_id=ceb73b99-2926-b19e-d03b-fdf02c1ac4c0 tf_rpc=ConfigureProvider http.status_code=200 @module=aws.aws-base http.response.header.x_amzn_requestid=e639035a-911a-49b2-ba56-09139d2ced51 http.response_content_length=428 rpc.method=STS/GetCallerIdentity rpc.system.name=aws-api tf_aws.signing_region="" @caller=github.com/hashicorp/aws-sdk-go-base/v2@v2.0.0-beta.73/logging/tf_logger.go:47 http.response.header.content_type=text/xml tf_aws.sdk=aws-sdk-go-v2 tf_mux_provider="*schema.GRPCProviderServer" tf_provider_addr=registry.terraform.io/hashicorp/aws timestamp="2026-08-15T22:30:48.019+0800"
2026-08-15T22:30:48.020+0800 [INFO]  provider.terraform-provider-aws_v6.58.0_x5.exe: Retrieved caller identity from STS: tf_req_id=ceb73b99-2926-b19e-d03b-fdf02c1ac4c0 tf_rpc=ConfigureProvider @caller=github.com/hashicorp/aws-sdk-go-base/v2@v2.0.0-beta.73/logging/tf_logger.go:39 tf_mux_provider="*schema.GRPCProviderServer" tf_provider_addr=registry.terraform.io/hashicorp/aws @module=aws.aws-base timestamp="2026-08-15T22:30:48.020+0800"
2026-08-15T22:30:48.029+0800 [DEBUG] ReferenceTransformer: "data.aws_caller_identity.nway-shoppingcart-console-admin" references: []
2026-08-15T22:30:48.067+0800 [DEBUG] provider.terraform-provider-aws_v6.58.0_x5.exe: HTTP Request Sent: aws.region=ap-southeast-1 http.request.header.x_amz_date=20260815T143048Z http.request_content_length=43 http.user_agent="APN/1.0 HashiCorp/1.0 Terraform/1.15.8 (+https://www.terraform.io) terraform-provider-aws/6.58.0 (+https://registry.terraform.io/providers/hashicorp/aws) aws-sdk-go-v2/1.43.2 ua/2.1 os/windows lang/go#1.26.5 md/GOOS#windows md/GOARCH#amd64 api/sts#1.45.2 m/n" tf_mux_provider="*proto5server.Server" tf_req_id=a7bfc1ab-5033-71e6-d9b6-5e259c226703 @module=aws http.method=POST http.request.header.amz_sdk_request="attempt=1; max=25" http.request.header.authorization="AWS4-HMAC-SHA256 Credential=AKIA************FBN3/20260815/ap-southeast-1/sts/aws4_request, SignedHeaders=amz-sdk-invocation-id;amz-sdk-request;content-length;content-type;host;x-amz-date, Signature=*****" net.peer.name=sts.ap-southeast-1.amazonaws.com rpc.method=STS/GetCallerIdentity tf_aws.sdk=aws-sdk-go-v2 tf_aws.signing_region=""
  http.request.body=
  | Action=GetCallerIdentity&Version=2011-06-15
   rpc.system.name=aws-api tf_data_source_type=aws_caller_identity http.request.header.amz_sdk_invocation_id=10131232-7d0f-47aa-8b2f-c9383a07ce38 http.request.header.content_type=application/x-www-form-urlencoded http.url=https://sts.ap-southeast-1.amazonaws.com/ tf_provider_addr=registry.terraform.io/hashicorp/aws tf_rpc=ReadDataSource @caller=github.com/hashicorp/aws-sdk-go-base/v2@v2.0.0-beta.73/logging/tf_logger.go:45 timestamp="2026-08-15T22:30:48.067+0800"
2026-08-15T22:30:48.077+0800 [DEBUG] provider.terraform-provider-aws_v6.58.0_x5.exe: HTTP Response Received: http.response_content_length=428 tf_data_source_type=aws_caller_identity tf_rpc=ReadDataSource http.response.header.date="Sat, 15 Aug 2026 14:30:47 GMT" http.response.header.x_amzn_requestid=160de5b6-0730-4f03-8d75-70cfc614ea4a http.duration=10
  http.response.body=
  | <GetCallerIdentityResponse xmlns="https://sts.amazonaws.com/doc/2011-06-15/">
  |   <GetCallerIdentityResult>
  |     <Arn>arn:aws:iam::223702251106:user/nway-shoppingcart-console-admin</Arn>
  |     <UserId>AIDA*************NCGP</UserId>
  |     <Account>223702251106</Account>
  |   </GetCallerIdentityResult>
  |   <ResponseMetadata>
  |     <RequestId>160de5b6-0730-4f03-8d75-70cfc614ea4a</RequestId>
  |   </ResponseMetadata>
  | </GetCallerIdentityResponse>
   rpc.system.name=aws-api tf_aws.signing_region="" @module=aws http.response.header.x_amz_sts_extended_request_id=MTphcC1zb3V0aGVhc3QtMTpTOjE3ODY4MDQyNDc0NzQ6Ujp6a3E2amhqeg== http.status_code=200 rpc.method=STS/GetCallerIdentity tf_provider_addr=registry.terraform.io/hashicorp/aws tf_req_id=a7bfc1ab-5033-71e6-d9b6-5e259c226703 @caller=github.com/hashicorp/aws-sdk-go-base/v2@v2.0.0-beta.73/logging/tf_logger.go:45 aws.region=ap-southeast-1 http.response.header.content_type=text/xml tf_aws.sdk=aws-sdk-go-v2 tf_mux_provider="*proto5server.Server" timestamp="2026-08-15T22:30:48.077+0800"
2026-08-15T22:30:48.082+0800 [DEBUG] provider.stdio: received EOF, stopping recv loop: err="rpc error: code = Unavailable desc = error reading from server: EOF"
2026-08-15T22:30:48.128+0800 [INFO]  provider: plugin process exited: plugin=.terraform/providers/registry.terraform.io/hashicorp/aws/6.58.0/windows_amd64/terraform-provider-aws_v6.58.0_x5.exe id=2348
2026-08-15T22:30:48.128+0800 [DEBUG] provider: plugin exited
2026-08-15T22:30:48.129+0800 [DEBUG] building apply graph to check for errors
2026-08-15T22:30:48.130+0800 [DEBUG] ProviderTransformer: "data.aws_caller_identity.nway-shoppingcart-console-admin (expand)" (*terraform.nodeExpandApplyableResource) needs provider["registry.terraform.io/hashicorp/aws"]
2026-08-15T22:30:48.131+0800 [DEBUG] ReferenceTransformer: "data.aws_caller_identity.nway-shoppingcart-console-admin (expand)" references: []
2026-08-15T22:30:48.131+0800 [DEBUG] ReferenceTransformer: "output.account_id (expand)" references: [data.aws_caller_identity.nway-shoppingcart-console-admin (expand)]
2026-08-15T22:30:48.131+0800 [DEBUG] ReferenceTransformer: "provider[\"registry.terraform.io/hashicorp/aws\"]" references: []
2026-08-15T22:30:48.131+0800 [INFO]  backend/local: plan operation completed
2026-08-15T22:34:37.176+0800 [INFO]  Terraform version: 1.15.8
2026-08-15T22:34:37.205+0800 [DEBUG] using github.com/hashicorp/go-tfe v1.105.0
2026-08-15T22:34:37.205+0800 [DEBUG] using github.com/hashicorp/hcl/v2 v2.24.0
2026-08-15T22:34:37.205+0800 [DEBUG] using github.com/hashicorp/terraform-svchost v0.2.1
2026-08-15T22:34:37.205+0800 [DEBUG] using github.com/zclconf/go-cty v1.18.0
2026-08-15T22:34:37.205+0800 [INFO]  Go runtime version: go1.25.10
2026-08-15T22:34:37.205+0800 [INFO]  CLI args: []string{"C:\\Program Files\\Terraform\\terraform.exe", "fmt"}
2026-08-15T22:34:37.209+0800 [DEBUG] Attempting to open CLI config file: C:\Users\hp\AppData\Roaming\terraform.rc
2026-08-15T22:34:37.209+0800 [DEBUG] File doesn't exist, but doesn't need to. Ignoring.
2026-08-15T22:34:37.210+0800 [DEBUG] ignoring non-existing provider search directory terraform.d/plugins
2026-08-15T22:34:37.210+0800 [DEBUG] ignoring non-existing provider search directory C:\Users\hp\AppData\Roaming\terraform.d\plugins
2026-08-15T22:34:37.210+0800 [DEBUG] ignoring non-existing provider search directory C:\Users\hp\AppData\Roaming\HashiCorp\Terraform\plugins
2026-08-15T22:34:37.211+0800 [INFO]  CLI command args: []string{"fmt"}
2026-08-15T22:34:44.986+0800 [INFO]  Terraform version: 1.15.8
2026-08-15T22:34:45.014+0800 [DEBUG] using github.com/hashicorp/go-tfe v1.105.0
2026-08-15T22:34:45.014+0800 [DEBUG] using github.com/hashicorp/hcl/v2 v2.24.0
2026-08-15T22:34:45.014+0800 [DEBUG] using github.com/hashicorp/terraform-svchost v0.2.1
2026-08-15T22:34:45.014+0800 [DEBUG] using github.com/zclconf/go-cty v1.18.0
2026-08-15T22:34:45.014+0800 [INFO]  Go runtime version: go1.25.10
2026-08-15T22:34:45.014+0800 [INFO]  CLI args: []string{"C:\\Program Files\\Terraform\\terraform.exe", "validate"}
2026-08-15T22:34:45.018+0800 [DEBUG] Attempting to open CLI config file: C:\Users\hp\AppData\Roaming\terraform.rc
2026-08-15T22:34:45.018+0800 [DEBUG] File doesn't exist, but doesn't need to. Ignoring.
2026-08-15T22:34:45.018+0800 [DEBUG] ignoring non-existing provider search directory terraform.d/plugins
2026-08-15T22:34:45.018+0800 [DEBUG] ignoring non-existing provider search directory C:\Users\hp\AppData\Roaming\terraform.d\plugins
2026-08-15T22:34:45.019+0800 [DEBUG] ignoring non-existing provider search directory C:\Users\hp\AppData\Roaming\HashiCorp\Terraform\plugins
2026-08-15T22:34:45.019+0800 [INFO]  CLI command args: []string{"validate"}
2026-08-15T22:36:09.089+0800 [INFO]  Terraform version: 1.15.8
2026-08-15T22:36:09.118+0800 [DEBUG] using github.com/hashicorp/go-tfe v1.105.0
2026-08-15T22:36:09.118+0800 [DEBUG] using github.com/hashicorp/hcl/v2 v2.24.0
2026-08-15T22:36:09.118+0800 [DEBUG] using github.com/hashicorp/terraform-svchost v0.2.1
2026-08-15T22:36:09.118+0800 [DEBUG] using github.com/zclconf/go-cty v1.18.0
2026-08-15T22:36:09.118+0800 [INFO]  Go runtime version: go1.25.10
2026-08-15T22:36:09.118+0800 [INFO]  CLI args: []string{"C:\\Program Files\\Terraform\\terraform.exe", "validate"}
2026-08-15T22:36:09.122+0800 [DEBUG] Attempting to open CLI config file: C:\Users\hp\AppData\Roaming\terraform.rc
2026-08-15T22:36:09.122+0800 [DEBUG] File doesn't exist, but doesn't need to. Ignoring.
2026-08-15T22:36:09.122+0800 [DEBUG] ignoring non-existing provider search directory terraform.d/plugins
2026-08-15T22:36:09.122+0800 [DEBUG] ignoring non-existing provider search directory C:\Users\hp\AppData\Roaming\terraform.d\plugins
2026-08-15T22:36:09.123+0800 [DEBUG] ignoring non-existing provider search directory C:\Users\hp\AppData\Roaming\HashiCorp\Terraform\plugins
2026-08-15T22:36:09.124+0800 [INFO]  CLI command args: []string{"validate"}
2026-08-15T22:38:44.166+0800 [INFO]  Terraform version: 1.15.8
2026-08-15T22:38:44.198+0800 [DEBUG] using github.com/hashicorp/go-tfe v1.105.0
2026-08-15T22:38:44.198+0800 [DEBUG] using github.com/hashicorp/hcl/v2 v2.24.0
2026-08-15T22:38:44.198+0800 [DEBUG] using github.com/hashicorp/terraform-svchost v0.2.1
2026-08-15T22:38:44.198+0800 [DEBUG] using github.com/zclconf/go-cty v1.18.0
2026-08-15T22:38:44.198+0800 [INFO]  Go runtime version: go1.25.10
2026-08-15T22:38:44.198+0800 [INFO]  CLI args: []string{"C:\\Program Files\\Terraform\\terraform.exe", "validate"}
2026-08-15T22:38:44.204+0800 [DEBUG] Attempting to open CLI config file: C:\Users\hp\AppData\Roaming\terraform.rc
2026-08-15T22:38:44.205+0800 [DEBUG] File doesn't exist, but doesn't need to. Ignoring.
2026-08-15T22:38:44.205+0800 [DEBUG] ignoring non-existing provider search directory terraform.d/plugins
2026-08-15T22:38:44.205+0800 [DEBUG] ignoring non-existing provider search directory C:\Users\hp\AppData\Roaming\terraform.d\plugins
2026-08-15T22:38:44.206+0800 [DEBUG] ignoring non-existing provider search directory C:\Users\hp\AppData\Roaming\HashiCorp\Terraform\plugins
2026-08-15T22:38:44.207+0800 [INFO]  CLI command args: []string{"validate"}
2026-08-15T22:38:44.226+0800 [DEBUG] Starting graph walk: walkInit
2026-08-15T22:38:58.957+0800 [DEBUG] checking for provisioner in "."
2026-08-15T22:38:58.957+0800 [DEBUG] checking for provisioner in "C:\\Program Files\\Terraform"
2026-08-15T22:38:58.964+0800 [DEBUG] created provider logger: level=debug
2026-08-15T22:38:58.966+0800 [INFO]  provider: configuring client automatic mTLS
2026-08-15T22:38:58.993+0800 [DEBUG] provider: starting plugin: path=.terraform/providers/registry.terraform.io/hashicorp/aws/6.58.0/windows_amd64/terraform-provider-aws_v6.58.0_x5.exe args=[".terraform/providers/registry.terraform.io/hashicorp/aws/6.58.0/windows_amd64/terraform-provider-aws_v6.58.0_x5.exe"]
2026-08-15T22:38:59.006+0800 [DEBUG] provider: plugin started: path=.terraform/providers/registry.terraform.io/hashicorp/aws/6.58.0/windows_amd64/terraform-provider-aws_v6.58.0_x5.exe pid=18320
2026-08-15T22:38:59.007+0800 [DEBUG] provider: waiting for RPC address: plugin=.terraform/providers/registry.terraform.io/hashicorp/aws/6.58.0/windows_amd64/terraform-provider-aws_v6.58.0_x5.exe
2026-08-15T22:38:59.164+0800 [DEBUG] provider.terraform-provider-aws_v6.58.0_x5.exe: Starting github.com/hashicorp/terraform-provider-aws@6.58.0 (go1.26.5)...
2026-08-15T22:38:59.164+0800 [DEBUG] provider.terraform-provider-aws_v6.58.0_x5.exe: Creating Terraform AWS Provider (SDKv2-style)...
2026-08-15T22:38:59.164+0800 [DEBUG] provider.terraform-provider-aws_v6.58.0_x5.exe: Initializing Terraform AWS Provider (SDKv2-style)...
2026-08-15T22:38:59.204+0800 [DEBUG] provider.terraform-provider-aws_v6.58.0_x5.exe: Creating Terraform AWS Provider (Framework-style)...
2026-08-15T22:38:59.204+0800 [DEBUG] provider.terraform-provider-aws_v6.58.0_x5.exe: Initializing Terraform AWS Provider (Framework-style)...
2026-08-15T22:38:59.241+0800 [INFO]  provider.terraform-provider-aws_v6.58.0_x5.exe: configuring server automatic mTLS: timestamp="2026-08-15T22:38:59.208+0800"
2026-08-15T22:38:59.254+0800 [DEBUG] provider: using plugin: version=5
2026-08-15T22:38:59.254+0800 [DEBUG] provider.terraform-provider-aws_v6.58.0_x5.exe: plugin address: address=127.0.0.1:10000 network=tcp timestamp="2026-08-15T22:38:59.254+0800"
2026-08-15T22:39:01.247+0800 [DEBUG] provider.stdio: received EOF, stopping recv loop: err="rpc error: code = Unavailable desc = error reading from server: EOF"
2026-08-15T22:39:01.363+0800 [INFO]  provider: plugin process exited: plugin=.terraform/providers/registry.terraform.io/hashicorp/aws/6.58.0/windows_amd64/terraform-provider-aws_v6.58.0_x5.exe id=18320
2026-08-15T22:39:01.363+0800 [DEBUG] provider: plugin exited
2026-08-15T22:39:01.365+0800 [DEBUG] Building and walking validate graph
2026-08-15T22:39:01.372+0800 [DEBUG] ProviderTransformer: "data.aws_caller_identity.nway-shoppingcart-console-admin" (*terraform.NodeValidatableResource) needs provider["registry.terraform.io/hashicorp/aws"]
2026-08-15T22:39:01.375+0800 [DEBUG] ReferenceTransformer: "output.account_id (expand)" references: [data.aws_caller_identity.nway-shoppingcart-console-admin]
2026-08-15T22:39:01.375+0800 [DEBUG] ReferenceTransformer: "output.arn (expand)" references: []
2026-08-15T22:39:01.375+0800 [DEBUG] ReferenceTransformer: "output.id (expand)" references: []
2026-08-15T22:39:01.375+0800 [DEBUG] ReferenceTransformer: "output.user_id (expand)" references: []
2026-08-15T22:39:01.376+0800 [DEBUG] ReferenceTransformer: "provider[\"registry.terraform.io/hashicorp/aws\"]" references: []
2026-08-15T22:39:01.377+0800 [DEBUG] ReferenceTransformer: "data.aws_caller_identity.nway-shoppingcart-console-admin" references: []
2026-08-15T22:39:01.378+0800 [DEBUG] Starting graph walk: walkValidate
2026-08-15T22:39:01.379+0800 [DEBUG] created provider logger: level=debug
2026-08-15T22:39:01.379+0800 [INFO]  provider: configuring client automatic mTLS
2026-08-15T22:39:01.387+0800 [ERROR] vertex "output.user_id" error: Reference to undeclared resource
2026-08-15T22:39:01.387+0800 [ERROR] vertex "output.user_id (expand)" error: Reference to undeclared resource
2026-08-15T22:39:01.387+0800 [ERROR] vertex "output.id" error: Reference to undeclared resource
2026-08-15T22:39:01.387+0800 [ERROR] vertex "output.id (expand)" error: Reference to undeclared resource
2026-08-15T22:39:01.387+0800 [ERROR] vertex "output.arn" error: Reference to undeclared resource
2026-08-15T22:39:01.387+0800 [ERROR] vertex "output.arn (expand)" error: Reference to undeclared resource
2026-08-15T22:39:01.391+0800 [DEBUG] provider: starting plugin: path=.terraform/providers/registry.terraform.io/hashicorp/aws/6.58.0/windows_amd64/terraform-provider-aws_v6.58.0_x5.exe args=[".terraform/providers/registry.terraform.io/hashicorp/aws/6.58.0/windows_amd64/terraform-provider-aws_v6.58.0_x5.exe"]
2026-08-15T22:39:01.397+0800 [DEBUG] provider: plugin started: path=.terraform/providers/registry.terraform.io/hashicorp/aws/6.58.0/windows_amd64/terraform-provider-aws_v6.58.0_x5.exe pid=6852
2026-08-15T22:39:01.398+0800 [DEBUG] provider: waiting for RPC address: plugin=.terraform/providers/registry.terraform.io/hashicorp/aws/6.58.0/windows_amd64/terraform-provider-aws_v6.58.0_x5.exe
2026-08-15T22:39:01.631+0800 [DEBUG] provider.terraform-provider-aws_v6.58.0_x5.exe: Starting github.com/hashicorp/terraform-provider-aws@6.58.0 (go1.26.5)...
2026-08-15T22:39:01.632+0800 [DEBUG] provider.terraform-provider-aws_v6.58.0_x5.exe: Creating Terraform AWS Provider (SDKv2-style)...
2026-08-15T22:39:01.632+0800 [DEBUG] provider.terraform-provider-aws_v6.58.0_x5.exe: Initializing Terraform AWS Provider (SDKv2-style)...
2026-08-15T22:39:01.667+0800 [DEBUG] provider.terraform-provider-aws_v6.58.0_x5.exe: Creating Terraform AWS Provider (Framework-style)...
2026-08-15T22:39:01.667+0800 [DEBUG] provider.terraform-provider-aws_v6.58.0_x5.exe: Initializing Terraform AWS Provider (Framework-style)...
2026-08-15T22:39:01.704+0800 [INFO]  provider.terraform-provider-aws_v6.58.0_x5.exe: configuring server automatic mTLS: timestamp="2026-08-15T22:39:01.670+0800"
2026-08-15T22:39:01.716+0800 [DEBUG] provider: using plugin: version=5
2026-08-15T22:39:01.716+0800 [DEBUG] provider.terraform-provider-aws_v6.58.0_x5.exe: plugin address: network=tcp address=127.0.0.1:10000 timestamp="2026-08-15T22:39:01.716+0800"
2026-08-15T22:39:03.144+0800 [DEBUG] provider.stdio: received EOF, stopping recv loop: err="rpc error: code = Unavailable desc = error reading from server: EOF"
2026-08-15T22:39:03.193+0800 [INFO]  provider: plugin process exited: plugin=.terraform/providers/registry.terraform.io/hashicorp/aws/6.58.0/windows_amd64/terraform-provider-aws_v6.58.0_x5.exe id=6852
2026-08-15T22:39:03.193+0800 [DEBUG] provider: plugin exited
2026-08-15T22:39:34.319+0800 [INFO]  Terraform version: 1.15.8
2026-08-15T22:39:34.348+0800 [DEBUG] using github.com/hashicorp/go-tfe v1.105.0
2026-08-15T22:39:34.348+0800 [DEBUG] using github.com/hashicorp/hcl/v2 v2.24.0
2026-08-15T22:39:34.348+0800 [DEBUG] using github.com/hashicorp/terraform-svchost v0.2.1
2026-08-15T22:39:34.348+0800 [DEBUG] using github.com/zclconf/go-cty v1.18.0
2026-08-15T22:39:34.348+0800 [INFO]  Go runtime version: go1.25.10
2026-08-15T22:39:34.348+0800 [INFO]  CLI args: []string{"C:\\Program Files\\Terraform\\terraform.exe", "validate"}
2026-08-15T22:39:34.351+0800 [DEBUG] Attempting to open CLI config file: C:\Users\hp\AppData\Roaming\terraform.rc
2026-08-15T22:39:34.351+0800 [DEBUG] File doesn't exist, but doesn't need to. Ignoring.
2026-08-15T22:39:34.351+0800 [DEBUG] ignoring non-existing provider search directory terraform.d/plugins
2026-08-15T22:39:34.351+0800 [DEBUG] ignoring non-existing provider search directory C:\Users\hp\AppData\Roaming\terraform.d\plugins
2026-08-15T22:39:34.352+0800 [DEBUG] ignoring non-existing provider search directory C:\Users\hp\AppData\Roaming\HashiCorp\Terraform\plugins
2026-08-15T22:39:34.352+0800 [INFO]  CLI command args: []string{"validate"}
2026-08-15T22:39:34.354+0800 [DEBUG] Starting graph walk: walkInit
2026-08-15T22:39:38.837+0800 [DEBUG] checking for provisioner in "."
2026-08-15T22:39:38.837+0800 [DEBUG] checking for provisioner in "C:\\Program Files\\Terraform"
2026-08-15T22:39:38.837+0800 [DEBUG] created provider logger: level=debug
2026-08-15T22:39:38.837+0800 [INFO]  provider: configuring client automatic mTLS
2026-08-15T22:39:38.850+0800 [DEBUG] provider: starting plugin: path=.terraform/providers/registry.terraform.io/hashicorp/aws/6.58.0/windows_amd64/terraform-provider-aws_v6.58.0_x5.exe args=[".terraform/providers/registry.terraform.io/hashicorp/aws/6.58.0/windows_amd64/terraform-provider-aws_v6.58.0_x5.exe"]
2026-08-15T22:39:38.859+0800 [DEBUG] provider: plugin started: path=.terraform/providers/registry.terraform.io/hashicorp/aws/6.58.0/windows_amd64/terraform-provider-aws_v6.58.0_x5.exe pid=25644
2026-08-15T22:39:38.859+0800 [DEBUG] provider: waiting for RPC address: plugin=.terraform/providers/registry.terraform.io/hashicorp/aws/6.58.0/windows_amd64/terraform-provider-aws_v6.58.0_x5.exe
2026-08-15T22:39:38.991+0800 [DEBUG] provider.terraform-provider-aws_v6.58.0_x5.exe: Starting github.com/hashicorp/terraform-provider-aws@6.58.0 (go1.26.5)...
2026-08-15T22:39:38.993+0800 [DEBUG] provider.terraform-provider-aws_v6.58.0_x5.exe: Creating Terraform AWS Provider (SDKv2-style)...
2026-08-15T22:39:38.993+0800 [DEBUG] provider.terraform-provider-aws_v6.58.0_x5.exe: Initializing Terraform AWS Provider (SDKv2-style)...
2026-08-15T22:39:39.023+0800 [DEBUG] provider.terraform-provider-aws_v6.58.0_x5.exe: Creating Terraform AWS Provider (Framework-style)...
2026-08-15T22:39:39.024+0800 [DEBUG] provider.terraform-provider-aws_v6.58.0_x5.exe: Initializing Terraform AWS Provider (Framework-style)...
2026-08-15T22:39:39.056+0800 [INFO]  provider.terraform-provider-aws_v6.58.0_x5.exe: configuring server automatic mTLS: timestamp="2026-08-15T22:39:39.026+0800"
2026-08-15T22:39:39.068+0800 [DEBUG] provider: using plugin: version=5
2026-08-15T22:39:39.068+0800 [DEBUG] provider.terraform-provider-aws_v6.58.0_x5.exe: plugin address: address=127.0.0.1:10000 network=tcp timestamp="2026-08-15T22:39:39.067+0800"
2026-08-15T22:39:40.922+0800 [DEBUG] provider.stdio: received EOF, stopping recv loop: err="rpc error: code = Unavailable desc = error reading from server: EOF"
2026-08-15T22:39:40.997+0800 [INFO]  provider: plugin process exited: plugin=.terraform/providers/registry.terraform.io/hashicorp/aws/6.58.0/windows_amd64/terraform-provider-aws_v6.58.0_x5.exe id=25644
2026-08-15T22:39:40.997+0800 [DEBUG] provider: plugin exited
2026-08-15T22:39:41.000+0800 [DEBUG] Building and walking validate graph
2026-08-15T22:39:41.008+0800 [DEBUG] ProviderTransformer: "data.aws_caller_identity.nway-shoppingcart-console-admin" (*terraform.NodeValidatableResource) needs provider["registry.terraform.io/hashicorp/aws"]
2026-08-15T22:39:41.012+0800 [DEBUG] ReferenceTransformer: "data.aws_caller_identity.nway-shoppingcart-console-admin" references: []
2026-08-15T22:39:41.012+0800 [DEBUG] ReferenceTransformer: "output.account_id (expand)" references: [data.aws_caller_identity.nway-shoppingcart-console-admin]
2026-08-15T22:39:41.012+0800 [DEBUG] ReferenceTransformer: "output.arn (expand)" references: []
2026-08-15T22:39:41.012+0800 [DEBUG] ReferenceTransformer: "output.id (expand)" references: [data.aws_caller_identity.nway-shoppingcart-console-admin]
2026-08-15T22:39:41.012+0800 [DEBUG] ReferenceTransformer: "output.user_id (expand)" references: [data.aws_caller_identity.nway-shoppingcart-console-admin]
2026-08-15T22:39:41.013+0800 [DEBUG] ReferenceTransformer: "provider[\"registry.terraform.io/hashicorp/aws\"]" references: []
2026-08-15T22:39:41.015+0800 [DEBUG] Starting graph walk: walkValidate
2026-08-15T22:39:41.015+0800 [DEBUG] created provider logger: level=debug
2026-08-15T22:39:41.015+0800 [INFO]  provider: configuring client automatic mTLS
2026-08-15T22:39:41.022+0800 [ERROR] vertex "output.arn" error: Reference to undeclared resource
2026-08-15T22:39:41.022+0800 [ERROR] vertex "output.arn (expand)" error: Reference to undeclared resource
2026-08-15T22:39:41.025+0800 [DEBUG] provider: starting plugin: path=.terraform/providers/registry.terraform.io/hashicorp/aws/6.58.0/windows_amd64/terraform-provider-aws_v6.58.0_x5.exe args=[".terraform/providers/registry.terraform.io/hashicorp/aws/6.58.0/windows_amd64/terraform-provider-aws_v6.58.0_x5.exe"]
2026-08-15T22:39:41.030+0800 [DEBUG] provider: plugin started: path=.terraform/providers/registry.terraform.io/hashicorp/aws/6.58.0/windows_amd64/terraform-provider-aws_v6.58.0_x5.exe pid=23776
2026-08-15T22:39:41.030+0800 [DEBUG] provider: waiting for RPC address: plugin=.terraform/providers/registry.terraform.io/hashicorp/aws/6.58.0/windows_amd64/terraform-provider-aws_v6.58.0_x5.exe
2026-08-15T22:39:41.265+0800 [DEBUG] provider.terraform-provider-aws_v6.58.0_x5.exe: Starting github.com/hashicorp/terraform-provider-aws@6.58.0 (go1.26.5)...
2026-08-15T22:39:41.265+0800 [DEBUG] provider.terraform-provider-aws_v6.58.0_x5.exe: Creating Terraform AWS Provider (SDKv2-style)...
2026-08-15T22:39:41.265+0800 [DEBUG] provider.terraform-provider-aws_v6.58.0_x5.exe: Initializing Terraform AWS Provider (SDKv2-style)...
2026-08-15T22:39:41.299+0800 [DEBUG] provider.terraform-provider-aws_v6.58.0_x5.exe: Creating Terraform AWS Provider (Framework-style)...
2026-08-15T22:39:41.299+0800 [DEBUG] provider.terraform-provider-aws_v6.58.0_x5.exe: Initializing Terraform AWS Provider (Framework-style)...
2026-08-15T22:39:41.338+0800 [INFO]  provider.terraform-provider-aws_v6.58.0_x5.exe: configuring server automatic mTLS: timestamp="2026-08-15T22:39:41.302+0800"
2026-08-15T22:39:41.351+0800 [DEBUG] provider: using plugin: version=5
2026-08-15T22:39:41.351+0800 [DEBUG] provider.terraform-provider-aws_v6.58.0_x5.exe: plugin address: address=127.0.0.1:10000 network=tcp timestamp="2026-08-15T22:39:41.351+0800"
2026-08-15T22:39:41.555+0800 [DEBUG] provider.stdio: received EOF, stopping recv loop: err="rpc error: code = Unavailable desc = error reading from server: EOF"
2026-08-15T22:39:41.592+0800 [INFO]  provider: plugin process exited: plugin=.terraform/providers/registry.terraform.io/hashicorp/aws/6.58.0/windows_amd64/terraform-provider-aws_v6.58.0_x5.exe id=23776
2026-08-15T22:39:41.592+0800 [DEBUG] provider: plugin exited
2026-08-15T22:40:20.092+0800 [INFO]  Terraform version: 1.15.8
2026-08-15T22:40:20.120+0800 [DEBUG] using github.com/hashicorp/go-tfe v1.105.0
2026-08-15T22:40:20.120+0800 [DEBUG] using github.com/hashicorp/hcl/v2 v2.24.0
2026-08-15T22:40:20.120+0800 [DEBUG] using github.com/hashicorp/terraform-svchost v0.2.1
2026-08-15T22:40:20.120+0800 [DEBUG] using github.com/zclconf/go-cty v1.18.0
2026-08-15T22:40:20.120+0800 [INFO]  Go runtime version: go1.25.10
2026-08-15T22:40:20.120+0800 [INFO]  CLI args: []string{"C:\\Program Files\\Terraform\\terraform.exe", "validate"}
2026-08-15T22:40:20.124+0800 [DEBUG] Attempting to open CLI config file: C:\Users\hp\AppData\Roaming\terraform.rc
2026-08-15T22:40:20.124+0800 [DEBUG] File doesn't exist, but doesn't need to. Ignoring.
2026-08-15T22:40:20.124+0800 [DEBUG] ignoring non-existing provider search directory terraform.d/plugins
2026-08-15T22:40:20.124+0800 [DEBUG] ignoring non-existing provider search directory C:\Users\hp\AppData\Roaming\terraform.d\plugins
2026-08-15T22:40:20.125+0800 [DEBUG] ignoring non-existing provider search directory C:\Users\hp\AppData\Roaming\HashiCorp\Terraform\plugins
2026-08-15T22:40:20.125+0800 [INFO]  CLI command args: []string{"validate"}
2026-08-15T22:40:20.127+0800 [DEBUG] Starting graph walk: walkInit
2026-08-15T22:40:23.840+0800 [DEBUG] checking for provisioner in "."
2026-08-15T22:40:23.841+0800 [DEBUG] checking for provisioner in "C:\\Program Files\\Terraform"
2026-08-15T22:40:23.841+0800 [DEBUG] created provider logger: level=debug
2026-08-15T22:40:23.841+0800 [INFO]  provider: configuring client automatic mTLS
2026-08-15T22:40:23.851+0800 [DEBUG] provider: starting plugin: path=.terraform/providers/registry.terraform.io/hashicorp/aws/6.58.0/windows_amd64/terraform-provider-aws_v6.58.0_x5.exe args=[".terraform/providers/registry.terraform.io/hashicorp/aws/6.58.0/windows_amd64/terraform-provider-aws_v6.58.0_x5.exe"]
2026-08-15T22:40:23.860+0800 [DEBUG] provider: plugin started: path=.terraform/providers/registry.terraform.io/hashicorp/aws/6.58.0/windows_amd64/terraform-provider-aws_v6.58.0_x5.exe pid=25184
2026-08-15T22:40:23.860+0800 [DEBUG] provider: waiting for RPC address: plugin=.terraform/providers/registry.terraform.io/hashicorp/aws/6.58.0/windows_amd64/terraform-provider-aws_v6.58.0_x5.exe
2026-08-15T22:40:23.981+0800 [DEBUG] provider.terraform-provider-aws_v6.58.0_x5.exe: Starting github.com/hashicorp/terraform-provider-aws@6.58.0 (go1.26.5)...
2026-08-15T22:40:23.981+0800 [DEBUG] provider.terraform-provider-aws_v6.58.0_x5.exe: Creating Terraform AWS Provider (SDKv2-style)...
2026-08-15T22:40:23.981+0800 [DEBUG] provider.terraform-provider-aws_v6.58.0_x5.exe: Initializing Terraform AWS Provider (SDKv2-style)...
2026-08-15T22:40:24.011+0800 [DEBUG] provider.terraform-provider-aws_v6.58.0_x5.exe: Creating Terraform AWS Provider (Framework-style)...
2026-08-15T22:40:24.011+0800 [DEBUG] provider.terraform-provider-aws_v6.58.0_x5.exe: Initializing Terraform AWS Provider (Framework-style)...
2026-08-15T22:40:24.041+0800 [INFO]  provider.terraform-provider-aws_v6.58.0_x5.exe: configuring server automatic mTLS: timestamp="2026-08-15T22:40:24.014+0800"
2026-08-15T22:40:24.053+0800 [DEBUG] provider.terraform-provider-aws_v6.58.0_x5.exe: plugin address: network=tcp address=127.0.0.1:10000 timestamp="2026-08-15T22:40:24.053+0800"
2026-08-15T22:40:24.053+0800 [DEBUG] provider: using plugin: version=5
2026-08-15T22:40:25.775+0800 [DEBUG] provider.stdio: received EOF, stopping recv loop: err="rpc error: code = Unavailable desc = error reading from server: EOF"
2026-08-15T22:40:25.865+0800 [INFO]  provider: plugin process exited: plugin=.terraform/providers/registry.terraform.io/hashicorp/aws/6.58.0/windows_amd64/terraform-provider-aws_v6.58.0_x5.exe id=25184
2026-08-15T22:40:25.865+0800 [DEBUG] provider: plugin exited
2026-08-15T22:40:25.867+0800 [DEBUG] Building and walking validate graph
2026-08-15T22:40:25.872+0800 [DEBUG] ProviderTransformer: "data.aws_caller_identity.nway-shoppingcart-console-admin" (*terraform.NodeValidatableResource) needs provider["registry.terraform.io/hashicorp/aws"]
2026-08-15T22:40:25.873+0800 [DEBUG] ReferenceTransformer: "data.aws_caller_identity.nway-shoppingcart-console-admin" references: []
2026-08-15T22:40:25.873+0800 [DEBUG] ReferenceTransformer: "output.user_id (expand)" references: [data.aws_caller_identity.nway-shoppingcart-console-admin]
2026-08-15T22:40:25.874+0800 [DEBUG] ReferenceTransformer: "output.account_id (expand)" references: [data.aws_caller_identity.nway-shoppingcart-console-admin]
2026-08-15T22:40:25.874+0800 [DEBUG] ReferenceTransformer: "output.arn (expand)" references: []
2026-08-15T22:40:25.874+0800 [DEBUG] ReferenceTransformer: "output.id (expand)" references: [data.aws_caller_identity.nway-shoppingcart-console-admin]
2026-08-15T22:40:25.874+0800 [DEBUG] ReferenceTransformer: "provider[\"registry.terraform.io/hashicorp/aws\"]" references: []
2026-08-15T22:40:25.874+0800 [DEBUG] Starting graph walk: walkValidate
2026-08-15T22:40:25.875+0800 [DEBUG] created provider logger: level=debug
2026-08-15T22:40:25.875+0800 [INFO]  provider: configuring client automatic mTLS
2026-08-15T22:40:25.879+0800 [ERROR] vertex "output.arn" error: Reference to undeclared resource
2026-08-15T22:40:25.879+0800 [ERROR] vertex "output.arn (expand)" error: Reference to undeclared resource
2026-08-15T22:40:25.883+0800 [DEBUG] provider: starting plugin: path=.terraform/providers/registry.terraform.io/hashicorp/aws/6.58.0/windows_amd64/terraform-provider-aws_v6.58.0_x5.exe args=[".terraform/providers/registry.terraform.io/hashicorp/aws/6.58.0/windows_amd64/terraform-provider-aws_v6.58.0_x5.exe"]
2026-08-15T22:40:25.888+0800 [DEBUG] provider: plugin started: path=.terraform/providers/registry.terraform.io/hashicorp/aws/6.58.0/windows_amd64/terraform-provider-aws_v6.58.0_x5.exe pid=21972
2026-08-15T22:40:25.888+0800 [DEBUG] provider: waiting for RPC address: plugin=.terraform/providers/registry.terraform.io/hashicorp/aws/6.58.0/windows_amd64/terraform-provider-aws_v6.58.0_x5.exe
2026-08-15T22:40:26.009+0800 [DEBUG] provider.terraform-provider-aws_v6.58.0_x5.exe: Starting github.com/hashicorp/terraform-provider-aws@6.58.0 (go1.26.5)...
2026-08-15T22:40:26.010+0800 [DEBUG] provider.terraform-provider-aws_v6.58.0_x5.exe: Creating Terraform AWS Provider (SDKv2-style)...
2026-08-15T22:40:26.010+0800 [DEBUG] provider.terraform-provider-aws_v6.58.0_x5.exe: Initializing Terraform AWS Provider (SDKv2-style)...
2026-08-15T22:40:26.042+0800 [DEBUG] provider.terraform-provider-aws_v6.58.0_x5.exe: Creating Terraform AWS Provider (Framework-style)...
2026-08-15T22:40:26.042+0800 [DEBUG] provider.terraform-provider-aws_v6.58.0_x5.exe: Initializing Terraform AWS Provider (Framework-style)...
2026-08-15T22:40:26.072+0800 [INFO]  provider.terraform-provider-aws_v6.58.0_x5.exe: configuring server automatic mTLS: timestamp="2026-08-15T22:40:26.044+0800"
2026-08-15T22:40:26.084+0800 [DEBUG] provider.terraform-provider-aws_v6.58.0_x5.exe: plugin address: address=127.0.0.1:10000 network=tcp timestamp="2026-08-15T22:40:26.084+0800"
2026-08-15T22:40:26.084+0800 [DEBUG] provider: using plugin: version=5
2026-08-15T22:40:26.229+0800 [DEBUG] provider.stdio: received EOF, stopping recv loop: err="rpc error: code = Unavailable desc = error reading from server: EOF"
2026-08-15T22:40:26.268+0800 [INFO]  provider: plugin process exited: plugin=.terraform/providers/registry.terraform.io/hashicorp/aws/6.58.0/windows_amd64/terraform-provider-aws_v6.58.0_x5.exe id=21972
2026-08-15T22:40:26.268+0800 [DEBUG] provider: plugin exited
2026-08-15T22:40:55.795+0800 [INFO]  Terraform version: 1.15.8
2026-08-15T22:40:55.831+0800 [DEBUG] using github.com/hashicorp/go-tfe v1.105.0
2026-08-15T22:40:55.831+0800 [DEBUG] using github.com/hashicorp/hcl/v2 v2.24.0
2026-08-15T22:40:55.831+0800 [DEBUG] using github.com/hashicorp/terraform-svchost v0.2.1
2026-08-15T22:40:55.831+0800 [DEBUG] using github.com/zclconf/go-cty v1.18.0
2026-08-15T22:40:55.831+0800 [INFO]  Go runtime version: go1.25.10
2026-08-15T22:40:55.831+0800 [INFO]  CLI args: []string{"C:\\Program Files\\Terraform\\terraform.exe", "validate"}
2026-08-15T22:40:55.836+0800 [DEBUG] Attempting to open CLI config file: C:\Users\hp\AppData\Roaming\terraform.rc
2026-08-15T22:40:55.836+0800 [DEBUG] File doesn't exist, but doesn't need to. Ignoring.
2026-08-15T22:40:55.837+0800 [DEBUG] ignoring non-existing provider search directory terraform.d/plugins
2026-08-15T22:40:55.837+0800 [DEBUG] ignoring non-existing provider search directory C:\Users\hp\AppData\Roaming\terraform.d\plugins
2026-08-15T22:40:55.838+0800 [DEBUG] ignoring non-existing provider search directory C:\Users\hp\AppData\Roaming\HashiCorp\Terraform\plugins
2026-08-15T22:40:55.838+0800 [INFO]  CLI command args: []string{"validate"}
2026-08-15T22:40:55.840+0800 [DEBUG] Starting graph walk: walkInit
2026-08-15T22:40:59.303+0800 [DEBUG] checking for provisioner in "."
2026-08-15T22:40:59.303+0800 [DEBUG] checking for provisioner in "C:\\Program Files\\Terraform"
2026-08-15T22:40:59.303+0800 [DEBUG] created provider logger: level=debug
2026-08-15T22:40:59.304+0800 [INFO]  provider: configuring client automatic mTLS
2026-08-15T22:40:59.315+0800 [DEBUG] provider: starting plugin: path=.terraform/providers/registry.terraform.io/hashicorp/aws/6.58.0/windows_amd64/terraform-provider-aws_v6.58.0_x5.exe args=[".terraform/providers/registry.terraform.io/hashicorp/aws/6.58.0/windows_amd64/terraform-provider-aws_v6.58.0_x5.exe"]
2026-08-15T22:40:59.324+0800 [DEBUG] provider: plugin started: path=.terraform/providers/registry.terraform.io/hashicorp/aws/6.58.0/windows_amd64/terraform-provider-aws_v6.58.0_x5.exe pid=17456
2026-08-15T22:40:59.324+0800 [DEBUG] provider: waiting for RPC address: plugin=.terraform/providers/registry.terraform.io/hashicorp/aws/6.58.0/windows_amd64/terraform-provider-aws_v6.58.0_x5.exe
2026-08-15T22:40:59.473+0800 [DEBUG] provider.terraform-provider-aws_v6.58.0_x5.exe: Starting github.com/hashicorp/terraform-provider-aws@6.58.0 (go1.26.5)...
2026-08-15T22:40:59.473+0800 [DEBUG] provider.terraform-provider-aws_v6.58.0_x5.exe: Creating Terraform AWS Provider (SDKv2-style)...
2026-08-15T22:40:59.473+0800 [DEBUG] provider.terraform-provider-aws_v6.58.0_x5.exe: Initializing Terraform AWS Provider (SDKv2-style)...
2026-08-15T22:40:59.505+0800 [DEBUG] provider.terraform-provider-aws_v6.58.0_x5.exe: Creating Terraform AWS Provider (Framework-style)...
2026-08-15T22:40:59.506+0800 [DEBUG] provider.terraform-provider-aws_v6.58.0_x5.exe: Initializing Terraform AWS Provider (Framework-style)...
2026-08-15T22:40:59.545+0800 [INFO]  provider.terraform-provider-aws_v6.58.0_x5.exe: configuring server automatic mTLS: timestamp="2026-08-15T22:40:59.508+0800"
2026-08-15T22:40:59.559+0800 [DEBUG] provider.terraform-provider-aws_v6.58.0_x5.exe: plugin address: address=127.0.0.1:10000 network=tcp timestamp="2026-08-15T22:40:59.559+0800"
2026-08-15T22:40:59.559+0800 [DEBUG] provider: using plugin: version=5
2026-08-15T22:41:01.308+0800 [DEBUG] provider.stdio: received EOF, stopping recv loop: err="rpc error: code = Unavailable desc = error reading from server: EOF"
2026-08-15T22:41:01.397+0800 [INFO]  provider: plugin process exited: plugin=.terraform/providers/registry.terraform.io/hashicorp/aws/6.58.0/windows_amd64/terraform-provider-aws_v6.58.0_x5.exe id=17456
2026-08-15T22:41:01.397+0800 [DEBUG] provider: plugin exited
2026-08-15T22:41:01.399+0800 [DEBUG] Building and walking validate graph
2026-08-15T22:41:01.403+0800 [DEBUG] ProviderTransformer: "data.aws_caller_identity.nway-shoppingcart-console-admin" (*terraform.NodeValidatableResource) needs provider["registry.terraform.io/hashicorp/aws"]
2026-08-15T22:41:01.405+0800 [DEBUG] ReferenceTransformer: "data.aws_caller_identity.nway-shoppingcart-console-admin" references: []
2026-08-15T22:41:01.405+0800 [DEBUG] ReferenceTransformer: "output.account_id (expand)" references: [data.aws_caller_identity.nway-shoppingcart-console-admin]
2026-08-15T22:41:01.405+0800 [DEBUG] ReferenceTransformer: "output.arn (expand)" references: [data.aws_caller_identity.nway-shoppingcart-console-admin]
2026-08-15T22:41:01.405+0800 [DEBUG] ReferenceTransformer: "output.id (expand)" references: [data.aws_caller_identity.nway-shoppingcart-console-admin]
2026-08-15T22:41:01.405+0800 [DEBUG] ReferenceTransformer: "output.user_id (expand)" references: [data.aws_caller_identity.nway-shoppingcart-console-admin]
2026-08-15T22:41:01.405+0800 [DEBUG] ReferenceTransformer: "provider[\"registry.terraform.io/hashicorp/aws\"]" references: []
2026-08-15T22:41:01.407+0800 [DEBUG] Starting graph walk: walkValidate
2026-08-15T22:41:01.408+0800 [DEBUG] created provider logger: level=debug
2026-08-15T22:41:01.408+0800 [INFO]  provider: configuring client automatic mTLS
2026-08-15T22:41:01.413+0800 [DEBUG] provider: starting plugin: path=.terraform/providers/registry.terraform.io/hashicorp/aws/6.58.0/windows_amd64/terraform-provider-aws_v6.58.0_x5.exe args=[".terraform/providers/registry.terraform.io/hashicorp/aws/6.58.0/windows_amd64/terraform-provider-aws_v6.58.0_x5.exe"]
2026-08-15T22:41:01.419+0800 [DEBUG] provider: plugin started: path=.terraform/providers/registry.terraform.io/hashicorp/aws/6.58.0/windows_amd64/terraform-provider-aws_v6.58.0_x5.exe pid=25440
2026-08-15T22:41:01.419+0800 [DEBUG] provider: waiting for RPC address: plugin=.terraform/providers/registry.terraform.io/hashicorp/aws/6.58.0/windows_amd64/terraform-provider-aws_v6.58.0_x5.exe
2026-08-15T22:41:01.643+0800 [DEBUG] provider.terraform-provider-aws_v6.58.0_x5.exe: Starting github.com/hashicorp/terraform-provider-aws@6.58.0 (go1.26.5)...
2026-08-15T22:41:01.643+0800 [DEBUG] provider.terraform-provider-aws_v6.58.0_x5.exe: Creating Terraform AWS Provider (SDKv2-style)...
2026-08-15T22:41:01.643+0800 [DEBUG] provider.terraform-provider-aws_v6.58.0_x5.exe: Initializing Terraform AWS Provider (SDKv2-style)...
2026-08-15T22:41:01.671+0800 [DEBUG] provider.terraform-provider-aws_v6.58.0_x5.exe: Creating Terraform AWS Provider (Framework-style)...
2026-08-15T22:41:01.672+0800 [DEBUG] provider.terraform-provider-aws_v6.58.0_x5.exe: Initializing Terraform AWS Provider (Framework-style)...
2026-08-15T22:41:01.707+0800 [INFO]  provider.terraform-provider-aws_v6.58.0_x5.exe: configuring server automatic mTLS: timestamp="2026-08-15T22:41:01.674+0800"
2026-08-15T22:41:01.721+0800 [DEBUG] provider: using plugin: version=5
2026-08-15T22:41:01.721+0800 [DEBUG] provider.terraform-provider-aws_v6.58.0_x5.exe: plugin address: address=127.0.0.1:10000 network=tcp timestamp="2026-08-15T22:41:01.721+0800"
2026-08-15T22:41:01.915+0800 [DEBUG] provider.stdio: received EOF, stopping recv loop: err="rpc error: code = Unavailable desc = error reading from server: EOF"
2026-08-15T22:41:01.940+0800 [INFO]  provider: plugin process exited: plugin=.terraform/providers/registry.terraform.io/hashicorp/aws/6.58.0/windows_amd64/terraform-provider-aws_v6.58.0_x5.exe id=25440
2026-08-15T22:41:01.940+0800 [DEBUG] provider: plugin exited
2026-08-15T22:41:08.950+0800 [INFO]  Terraform version: 1.15.8
2026-08-15T22:41:08.978+0800 [DEBUG] using github.com/hashicorp/go-tfe v1.105.0
2026-08-15T22:41:08.978+0800 [DEBUG] using github.com/hashicorp/hcl/v2 v2.24.0
2026-08-15T22:41:08.978+0800 [DEBUG] using github.com/hashicorp/terraform-svchost v0.2.1
2026-08-15T22:41:08.978+0800 [DEBUG] using github.com/zclconf/go-cty v1.18.0
2026-08-15T22:41:08.978+0800 [INFO]  Go runtime version: go1.25.10
2026-08-15T22:41:08.978+0800 [INFO]  CLI args: []string{"C:\\Program Files\\Terraform\\terraform.exe", "plan"}
2026-08-15T22:41:08.981+0800 [DEBUG] Attempting to open CLI config file: C:\Users\hp\AppData\Roaming\terraform.rc
2026-08-15T22:41:08.981+0800 [DEBUG] File doesn't exist, but doesn't need to. Ignoring.
2026-08-15T22:41:08.982+0800 [DEBUG] ignoring non-existing provider search directory terraform.d/plugins
2026-08-15T22:41:08.982+0800 [DEBUG] ignoring non-existing provider search directory C:\Users\hp\AppData\Roaming\terraform.d\plugins
2026-08-15T22:41:08.983+0800 [DEBUG] ignoring non-existing provider search directory C:\Users\hp\AppData\Roaming\HashiCorp\Terraform\plugins
2026-08-15T22:41:08.983+0800 [INFO]  CLI command args: []string{"plan"}
2026-08-15T22:41:12.242+0800 [DEBUG] checking for provisioner in "."
2026-08-15T22:41:12.243+0800 [DEBUG] checking for provisioner in "C:\\Program Files\\Terraform"
2026-08-15T22:41:12.250+0800 [INFO]  backend/local: starting Plan operation
2026-08-15T22:41:12.312+0800 [DEBUG] Starting graph walk: walkInit
2026-08-15T22:41:12.314+0800 [DEBUG] created provider logger: level=debug
2026-08-15T22:41:12.315+0800 [INFO]  provider: configuring client automatic mTLS
2026-08-15T22:41:12.331+0800 [DEBUG] provider: starting plugin: path=.terraform/providers/registry.terraform.io/hashicorp/aws/6.58.0/windows_amd64/terraform-provider-aws_v6.58.0_x5.exe args=[".terraform/providers/registry.terraform.io/hashicorp/aws/6.58.0/windows_amd64/terraform-provider-aws_v6.58.0_x5.exe"]
2026-08-15T22:41:12.340+0800 [DEBUG] provider: plugin started: path=.terraform/providers/registry.terraform.io/hashicorp/aws/6.58.0/windows_amd64/terraform-provider-aws_v6.58.0_x5.exe pid=18732
2026-08-15T22:41:12.340+0800 [DEBUG] provider: waiting for RPC address: plugin=.terraform/providers/registry.terraform.io/hashicorp/aws/6.58.0/windows_amd64/terraform-provider-aws_v6.58.0_x5.exe
2026-08-15T22:41:12.458+0800 [DEBUG] provider.terraform-provider-aws_v6.58.0_x5.exe: Starting github.com/hashicorp/terraform-provider-aws@6.58.0 (go1.26.5)...
2026-08-15T22:41:12.458+0800 [DEBUG] provider.terraform-provider-aws_v6.58.0_x5.exe: Creating Terraform AWS Provider (SDKv2-style)...
2026-08-15T22:41:12.458+0800 [DEBUG] provider.terraform-provider-aws_v6.58.0_x5.exe: Initializing Terraform AWS Provider (SDKv2-style)...
2026-08-15T22:41:12.488+0800 [DEBUG] provider.terraform-provider-aws_v6.58.0_x5.exe: Creating Terraform AWS Provider (Framework-style)...
2026-08-15T22:41:12.489+0800 [DEBUG] provider.terraform-provider-aws_v6.58.0_x5.exe: Initializing Terraform AWS Provider (Framework-style)...
2026-08-15T22:41:12.517+0800 [INFO]  provider.terraform-provider-aws_v6.58.0_x5.exe: configuring server automatic mTLS: timestamp="2026-08-15T22:41:12.490+0800"
2026-08-15T22:41:12.527+0800 [DEBUG] provider.terraform-provider-aws_v6.58.0_x5.exe: plugin address: network=tcp address=127.0.0.1:10000 timestamp="2026-08-15T22:41:12.527+0800"
2026-08-15T22:41:12.527+0800 [DEBUG] provider: using plugin: version=5
2026-08-15T22:41:14.376+0800 [DEBUG] provider.stdio: received EOF, stopping recv loop: err="rpc error: code = Unavailable desc = error reading from server: EOF"
2026-08-15T22:41:14.427+0800 [INFO]  provider: plugin process exited: plugin=.terraform/providers/registry.terraform.io/hashicorp/aws/6.58.0/windows_amd64/terraform-provider-aws_v6.58.0_x5.exe id=18732
2026-08-15T22:41:14.427+0800 [DEBUG] provider: plugin exited
2026-08-15T22:41:14.429+0800 [DEBUG] Building and walking validate graph
2026-08-15T22:41:14.431+0800 [DEBUG] ProviderTransformer: "data.aws_caller_identity.nway-shoppingcart-console-admin" (*terraform.NodeValidatableResource) needs provider["registry.terraform.io/hashicorp/aws"]
2026-08-15T22:41:14.431+0800 [DEBUG] ReferenceTransformer: "output.arn (expand)" references: [data.aws_caller_identity.nway-shoppingcart-console-admin]
2026-08-15T22:41:14.431+0800 [DEBUG] ReferenceTransformer: "output.id (expand)" references: [data.aws_caller_identity.nway-shoppingcart-console-admin]
2026-08-15T22:41:14.431+0800 [DEBUG] ReferenceTransformer: "output.user_id (expand)" references: [data.aws_caller_identity.nway-shoppingcart-console-admin]
2026-08-15T22:41:14.431+0800 [DEBUG] ReferenceTransformer: "output.account_id (expand)" references: [data.aws_caller_identity.nway-shoppingcart-console-admin]
2026-08-15T22:41:14.431+0800 [DEBUG] ReferenceTransformer: "provider[\"registry.terraform.io/hashicorp/aws\"]" references: []
2026-08-15T22:41:14.432+0800 [DEBUG] ReferenceTransformer: "data.aws_caller_identity.nway-shoppingcart-console-admin" references: []
2026-08-15T22:41:14.432+0800 [DEBUG] Starting graph walk: walkValidate
2026-08-15T22:41:14.432+0800 [DEBUG] created provider logger: level=debug
2026-08-15T22:41:14.433+0800 [INFO]  provider: configuring client automatic mTLS
2026-08-15T22:41:14.438+0800 [DEBUG] provider: starting plugin: path=.terraform/providers/registry.terraform.io/hashicorp/aws/6.58.0/windows_amd64/terraform-provider-aws_v6.58.0_x5.exe args=[".terraform/providers/registry.terraform.io/hashicorp/aws/6.58.0/windows_amd64/terraform-provider-aws_v6.58.0_x5.exe"]
2026-08-15T22:41:14.443+0800 [DEBUG] provider: plugin started: path=.terraform/providers/registry.terraform.io/hashicorp/aws/6.58.0/windows_amd64/terraform-provider-aws_v6.58.0_x5.exe pid=5672
2026-08-15T22:41:14.443+0800 [DEBUG] provider: waiting for RPC address: plugin=.terraform/providers/registry.terraform.io/hashicorp/aws/6.58.0/windows_amd64/terraform-provider-aws_v6.58.0_x5.exe
2026-08-15T22:41:14.630+0800 [DEBUG] provider.terraform-provider-aws_v6.58.0_x5.exe: Starting github.com/hashicorp/terraform-provider-aws@6.58.0 (go1.26.5)...
2026-08-15T22:41:14.631+0800 [DEBUG] provider.terraform-provider-aws_v6.58.0_x5.exe: Creating Terraform AWS Provider (SDKv2-style)...
2026-08-15T22:41:14.631+0800 [DEBUG] provider.terraform-provider-aws_v6.58.0_x5.exe: Initializing Terraform AWS Provider (SDKv2-style)...
2026-08-15T22:41:14.667+0800 [DEBUG] provider.terraform-provider-aws_v6.58.0_x5.exe: Creating Terraform AWS Provider (Framework-style)...
2026-08-15T22:41:14.668+0800 [DEBUG] provider.terraform-provider-aws_v6.58.0_x5.exe: Initializing Terraform AWS Provider (Framework-style)...
2026-08-15T22:41:14.710+0800 [INFO]  provider.terraform-provider-aws_v6.58.0_x5.exe: configuring server automatic mTLS: timestamp="2026-08-15T22:41:14.670+0800"
2026-08-15T22:41:14.723+0800 [DEBUG] provider: using plugin: version=5
2026-08-15T22:41:14.723+0800 [DEBUG] provider.terraform-provider-aws_v6.58.0_x5.exe: plugin address: network=tcp address=127.0.0.1:10000 timestamp="2026-08-15T22:41:14.723+0800"
2026-08-15T22:41:14.869+0800 [DEBUG] provider.stdio: received EOF, stopping recv loop: err="rpc error: code = Unavailable desc = error reading from server: EOF"
2026-08-15T22:41:14.914+0800 [INFO]  provider: plugin process exited: plugin=.terraform/providers/registry.terraform.io/hashicorp/aws/6.58.0/windows_amd64/terraform-provider-aws_v6.58.0_x5.exe id=5672
2026-08-15T22:41:14.914+0800 [DEBUG] provider: plugin exited
2026-08-15T22:41:14.916+0800 [INFO]  backend/local: plan calling Plan
2026-08-15T22:41:14.919+0800 [DEBUG] Building and walking plan graph for NormalMode
2026-08-15T22:41:14.922+0800 [DEBUG] ProviderTransformer: "data.aws_caller_identity.nway-shoppingcart-console-admin (expand)" (*terraform.nodeExpandPlannableResource) needs provider["registry.terraform.io/hashicorp/aws"]
2026-08-15T22:41:14.922+0800 [DEBUG] ReferenceTransformer: "data.aws_caller_identity.nway-shoppingcart-console-admin (expand)" references: []
2026-08-15T22:41:14.922+0800 [DEBUG] ReferenceTransformer: "output.user_id (expand)" references: [data.aws_caller_identity.nway-shoppingcart-console-admin (expand)]
2026-08-15T22:41:14.922+0800 [DEBUG] ReferenceTransformer: "output.account_id (expand)" references: [data.aws_caller_identity.nway-shoppingcart-console-admin (expand)]
2026-08-15T22:41:14.922+0800 [DEBUG] ReferenceTransformer: "output.arn (expand)" references: [data.aws_caller_identity.nway-shoppingcart-console-admin (expand)]
2026-08-15T22:41:14.922+0800 [DEBUG] ReferenceTransformer: "output.id (expand)" references: [data.aws_caller_identity.nway-shoppingcart-console-admin (expand)]
2026-08-15T22:41:14.922+0800 [DEBUG] ReferenceTransformer: "provider[\"registry.terraform.io/hashicorp/aws\"]" references: []
2026-08-15T22:41:14.922+0800 [DEBUG] Starting graph walk: walkPlan
2026-08-15T22:41:14.923+0800 [DEBUG] created provider logger: level=debug
2026-08-15T22:41:14.923+0800 [INFO]  provider: configuring client automatic mTLS
2026-08-15T22:41:14.929+0800 [DEBUG] provider: starting plugin: path=.terraform/providers/registry.terraform.io/hashicorp/aws/6.58.0/windows_amd64/terraform-provider-aws_v6.58.0_x5.exe args=[".terraform/providers/registry.terraform.io/hashicorp/aws/6.58.0/windows_amd64/terraform-provider-aws_v6.58.0_x5.exe"]
2026-08-15T22:41:14.936+0800 [DEBUG] provider: plugin started: path=.terraform/providers/registry.terraform.io/hashicorp/aws/6.58.0/windows_amd64/terraform-provider-aws_v6.58.0_x5.exe pid=1508
2026-08-15T22:41:14.936+0800 [DEBUG] provider: waiting for RPC address: plugin=.terraform/providers/registry.terraform.io/hashicorp/aws/6.58.0/windows_amd64/terraform-provider-aws_v6.58.0_x5.exe
2026-08-15T22:41:15.085+0800 [DEBUG] provider.terraform-provider-aws_v6.58.0_x5.exe: Starting github.com/hashicorp/terraform-provider-aws@6.58.0 (go1.26.5)...
2026-08-15T22:41:15.085+0800 [DEBUG] provider.terraform-provider-aws_v6.58.0_x5.exe: Creating Terraform AWS Provider (SDKv2-style)...
2026-08-15T22:41:15.085+0800 [DEBUG] provider.terraform-provider-aws_v6.58.0_x5.exe: Initializing Terraform AWS Provider (SDKv2-style)...
2026-08-15T22:41:15.118+0800 [DEBUG] provider.terraform-provider-aws_v6.58.0_x5.exe: Creating Terraform AWS Provider (Framework-style)...
2026-08-15T22:41:15.119+0800 [DEBUG] provider.terraform-provider-aws_v6.58.0_x5.exe: Initializing Terraform AWS Provider (Framework-style)...
2026-08-15T22:41:15.159+0800 [INFO]  provider.terraform-provider-aws_v6.58.0_x5.exe: configuring server automatic mTLS: timestamp="2026-08-15T22:41:15.122+0800"
2026-08-15T22:41:15.174+0800 [DEBUG] provider: using plugin: version=5
2026-08-15T22:41:15.174+0800 [DEBUG] provider.terraform-provider-aws_v6.58.0_x5.exe: plugin address: address=127.0.0.1:10000 network=tcp timestamp="2026-08-15T22:41:15.174+0800"
2026-08-15T22:41:15.311+0800 [DEBUG] provider.terraform-provider-aws_v6.58.0_x5.exe: Configuring Terraform AWS Provider: @caller=github.com/hashicorp/terraform-provider-aws/internal/conns/config.go:150 @module=aws tf_provider_addr=registry.terraform.io/hashicorp/aws tf_req_id=d46acf76-bd24-9814-5950-4c0656ba9140 tf_mux_provider="*schema.GRPCProviderServer" tf_rpc=ConfigureProvider timestamp="2026-08-15T22:41:15.311+0800"
2026-08-15T22:41:15.312+0800 [DEBUG] provider.terraform-provider-aws_v6.58.0_x5.exe: Resolving credentials provider: @caller=github.com/hashicorp/aws-sdk-go-base/v2@v2.0.0-beta.73/logging/tf_logger.go:47 @module=aws.aws-base tf_mux_provider="*schema.GRPCProviderServer" tf_provider_addr=registry.terraform.io/hashicorp/aws tf_req_id=d46acf76-bd24-9814-5950-4c0656ba9140 tf_rpc=ConfigureProvider timestamp="2026-08-15T22:41:15.312+0800"
2026-08-15T22:41:15.312+0800 [DEBUG] provider.terraform-provider-aws_v6.58.0_x5.exe: Setting profile: tf_aws.profile.source=provider tf_mux_provider="*schema.GRPCProviderServer" tf_provider_addr=registry.terraform.io/hashicorp/aws tf_rpc=ConfigureProvider @caller=github.com/hashicorp/aws-sdk-go-base/v2@v2.0.0-beta.73/logging/tf_logger.go:47 @module=aws.aws-base tf_aws.profile=nway-shoppingcart-console-admin tf_req_id=d46acf76-bd24-9814-5950-4c0656ba9140 timestamp="2026-08-15T22:41:15.312+0800"
2026-08-15T22:41:15.313+0800 [DEBUG] provider.terraform-provider-aws_v6.58.0_x5.exe: Loading configuration: tf_provider_addr=registry.terraform.io/hashicorp/aws tf_rpc=ConfigureProvider @caller=github.com/hashicorp/aws-sdk-go-base/v2@v2.0.0-beta.73/logging/tf_logger.go:47 @module=aws.aws-base tf_mux_provider="*schema.GRPCProviderServer" tf_req_id=d46acf76-bd24-9814-5950-4c0656ba9140 timestamp="2026-08-15T22:41:15.312+0800"
2026-08-15T22:41:15.329+0800 [DEBUG] provider.terraform-provider-aws_v6.58.0_x5.exe: Retrieving credentials: @caller=github.com/hashicorp/aws-sdk-go-base/v2@v2.0.0-beta.73/logging/tf_logger.go:47 tf_provider_addr=registry.terraform.io/hashicorp/aws tf_req_id=d46acf76-bd24-9814-5950-4c0656ba9140 tf_rpc=ConfigureProvider @module=aws.aws-base tf_mux_provider="*schema.GRPCProviderServer" timestamp="2026-08-15T22:41:15.329+0800"
2026-08-15T22:41:15.329+0800 [INFO]  provider.terraform-provider-aws_v6.58.0_x5.exe: Retrieved credentials: @caller=github.com/hashicorp/aws-sdk-go-base/v2@v2.0.0-beta.73/logging/tf_logger.go:39 @module=aws.aws-base tf_aws.credentials_source="SharedConfigCredentials: C:\Users\hp\.aws\credentials" tf_provider_addr=registry.terraform.io/hashicorp/aws tf_mux_provider="*schema.GRPCProviderServer" tf_req_id=d46acf76-bd24-9814-5950-4c0656ba9140 tf_rpc=ConfigureProvider timestamp="2026-08-15T22:41:15.329+0800"
2026-08-15T22:41:15.329+0800 [DEBUG] provider.terraform-provider-aws_v6.58.0_x5.exe: Loading configuration: tf_provider_addr=registry.terraform.io/hashicorp/aws tf_rpc=ConfigureProvider @caller=github.com/hashicorp/aws-sdk-go-base/v2@v2.0.0-beta.73/logging/tf_logger.go:47 @module=aws.aws-base tf_req_id=d46acf76-bd24-9814-5950-4c0656ba9140 tf_mux_provider="*schema.GRPCProviderServer" timestamp="2026-08-15T22:41:15.329+0800"
2026-08-15T22:41:15.330+0800 [DEBUG] provider.terraform-provider-aws_v6.58.0_x5.exe: Retrieving AWS account details: tf_provider_addr=registry.terraform.io/hashicorp/aws tf_rpc=ConfigureProvider tf_req_id=d46acf76-bd24-9814-5950-4c0656ba9140 @caller=github.com/hashicorp/terraform-provider-aws/internal/conns/config.go:188 @module=aws tf_mux_provider="*schema.GRPCProviderServer" timestamp="2026-08-15T22:41:15.329+0800"
2026-08-15T22:41:15.330+0800 [DEBUG] provider.terraform-provider-aws_v6.58.0_x5.exe: Retrieving caller identity from STS: tf_provider_addr=registry.terraform.io/hashicorp/aws tf_req_id=d46acf76-bd24-9814-5950-4c0656ba9140 tf_rpc=ConfigureProvider @caller=github.com/hashicorp/aws-sdk-go-base/v2@v2.0.0-beta.73/logging/tf_logger.go:47 @module=aws.aws-base tf_mux_provider="*schema.GRPCProviderServer" timestamp="2026-08-15T22:41:15.330+0800"
2026-08-15T22:41:15.332+0800 [DEBUG] provider.terraform-provider-aws_v6.58.0_x5.exe: HTTP Request Sent: aws.region=ap-southeast-1 http.request.header.authorization="AWS4-HMAC-SHA256 Credential=AKIA************FBN3/20260815/ap-southeast-1/sts/aws4_request, SignedHeaders=amz-sdk-invocation-id;amz-sdk-request;content-length;content-type;host;x-amz-date, Signature=*****" http.request.header.content_type=application/x-www-form-urlencoded rpc.system.name=aws-api tf_provider_addr=registry.terraform.io/hashicorp/aws @caller=github.com/hashicorp/aws-sdk-go-base/v2@v2.0.0-beta.73/logging/tf_logger.go:47 @module=aws.aws-base http.method=POST rpc.method=STS/GetCallerIdentity tf_aws.sdk=aws-sdk-go-v2 tf_req_id=d46acf76-bd24-9814-5950-4c0656ba9140 http.request.header.amz_sdk_invocation_id=39e6dfb9-5475-4d4d-b85e-392f3087177b http.request.header.x_amz_date=20260815T144115Z http.url=https://sts.ap-southeast-1.amazonaws.com/ tf_mux_provider="*schema.GRPCProviderServer"
  http.request.body=
  | Action=GetCallerIdentity&Version=2011-06-15
   http.request.header.amz_sdk_request="attempt=1; max=25" http.user_agent="APN/1.0 HashiCorp/1.0 Terraform/1.15.8 (+https://www.terraform.io) terraform-provider-aws/6.58.0 (+https://registry.terraform.io/providers/hashicorp/aws) aws-sdk-go-v2/1.43.2 ua/2.1 os/windows lang/go#1.26.5 md/GOOS#windows md/GOARCH#amd64 api/sts#1.45.2 m/n" net.peer.name=sts.ap-southeast-1.amazonaws.com tf_aws.signing_region="" tf_rpc=ConfigureProvider http.request_content_length=43 timestamp="2026-08-15T22:41:15.332+0800"
2026-08-15T22:41:15.421+0800 [DEBUG] provider.terraform-provider-aws_v6.58.0_x5.exe: HTTP Response Received: @caller=github.com/hashicorp/aws-sdk-go-base/v2@v2.0.0-beta.73/logging/tf_logger.go:47 @module=aws.aws-base aws.region=ap-southeast-1 rpc.method=STS/GetCallerIdentity tf_aws.signing_region="" tf_rpc=ConfigureProvider http.response.header.content_type=text/xml http.response.header.x_amzn_requestid=927f233a-a856-4f35-acaf-96e54feecdd0 http.response_content_length=428 tf_mux_provider="*schema.GRPCProviderServer" http.response.header.x_amz_sts_extended_request_id=MTphcC1zb3V0aGVhc3QtMTpTOjE3ODY4MDQ4NzQ4MjE6Ujp2NTR1ZXVJNA== http.status_code=200
  http.response.body=
  | <GetCallerIdentityResponse xmlns="https://sts.amazonaws.com/doc/2011-06-15/">
  |   <GetCallerIdentityResult>
  |     <Arn>arn:aws:iam::223702251106:user/nway-shoppingcart-console-admin</Arn>
  |     <UserId>AIDA*************NCGP</UserId>
  |     <Account>223702251106</Account>
  |   </GetCallerIdentityResult>
  |   <ResponseMetadata>
  |     <RequestId>927f233a-a856-4f35-acaf-96e54feecdd0</RequestId>
  |   </ResponseMetadata>
  | </GetCallerIdentityResponse>
   http.response.header.date="Sat, 15 Aug 2026 14:41:14 GMT" rpc.system.name=aws-api tf_aws.sdk=aws-sdk-go-v2 tf_provider_addr=registry.terraform.io/hashicorp/aws http.duration=89 tf_req_id=d46acf76-bd24-9814-5950-4c0656ba9140 timestamp="2026-08-15T22:41:15.421+0800"
2026-08-15T22:41:15.421+0800 [INFO]  provider.terraform-provider-aws_v6.58.0_x5.exe: Retrieved caller identity from STS: tf_req_id=d46acf76-bd24-9814-5950-4c0656ba9140 @caller=github.com/hashicorp/aws-sdk-go-base/v2@v2.0.0-beta.73/logging/tf_logger.go:39 tf_mux_provider="*schema.GRPCProviderServer" tf_provider_addr=registry.terraform.io/hashicorp/aws tf_rpc=ConfigureProvider @module=aws.aws-base timestamp="2026-08-15T22:41:15.421+0800"
2026-08-15T22:41:15.428+0800 [DEBUG] ReferenceTransformer: "data.aws_caller_identity.nway-shoppingcart-console-admin" references: []
2026-08-15T22:41:15.471+0800 [DEBUG] provider.terraform-provider-aws_v6.58.0_x5.exe: HTTP Request Sent: http.method=POST
  http.request.body=
  | Action=GetCallerIdentity&Version=2011-06-15
   http.url=https://sts.ap-southeast-1.amazonaws.com/ http.user_agent="APN/1.0 HashiCorp/1.0 Terraform/1.15.8 (+https://www.terraform.io) terraform-provider-aws/6.58.0 (+https://registry.terraform.io/providers/hashicorp/aws) aws-sdk-go-v2/1.43.2 ua/2.1 os/windows lang/go#1.26.5 md/GOOS#windows md/GOARCH#amd64 api/sts#1.45.2 m/n" net.peer.name=sts.ap-southeast-1.amazonaws.com aws.region=ap-southeast-1 http.request.header.amz_sdk_invocation_id=1f66b671-10fe-4660-a78f-5afc8e17b1e0 http.request.header.authorization="AWS4-HMAC-SHA256 Credential=AKIA************FBN3/20260815/ap-southeast-1/sts/aws4_request, SignedHeaders=amz-sdk-invocation-id;amz-sdk-request;content-length;content-type;host;x-amz-date, Signature=*****" http.request.header.x_amz_date=20260815T144115Z rpc.method=STS/GetCallerIdentity tf_aws.sdk=aws-sdk-go-v2 tf_data_source_type=aws_caller_identity tf_mux_provider="*proto5server.Server" http.request_content_length=43 rpc.system.name=aws-api tf_aws.signing_region="" @caller=github.com/hashicorp/aws-sdk-go-base/v2@v2.0.0-beta.73/logging/tf_logger.go:45 http.request.header.amz_sdk_request="attempt=1; max=25" http.request.header.content_type=application/x-www-form-urlencoded tf_provider_addr=registry.terraform.io/hashicorp/aws tf_req_id=d3c9f076-1fb2-5b99-03b6-11593669fd1f tf_rpc=ReadDataSource @module=aws timestamp="2026-08-15T22:41:15.471+0800"
2026-08-15T22:41:15.480+0800 [DEBUG] provider.terraform-provider-aws_v6.58.0_x5.exe: HTTP Response Received: tf_req_id=d3c9f076-1fb2-5b99-03b6-11593669fd1f @module=aws aws.region=ap-southeast-1 http.duration=7
  http.response.body=
  | <GetCallerIdentityResponse xmlns="https://sts.amazonaws.com/doc/2011-06-15/">
  |   <GetCallerIdentityResult>
  |     <Arn>arn:aws:iam::223702251106:user/nway-shoppingcart-console-admin</Arn>
  |     <UserId>AIDA*************NCGP</UserId>
  |     <Account>223702251106</Account>
  |   </GetCallerIdentityResult>
  |   <ResponseMetadata>
  |     <RequestId>8820027f-28ec-401e-9fc3-31dc0fbd6b6d</RequestId>
  |   </ResponseMetadata>
  | </GetCallerIdentityResponse>
   http.response.header.x_amzn_requestid=8820027f-28ec-401e-9fc3-31dc0fbd6b6d rpc.method=STS/GetCallerIdentity tf_aws.signing_region="" @caller=github.com/hashicorp/aws-sdk-go-base/v2@v2.0.0-beta.73/logging/tf_logger.go:45 http.response_content_length=428 tf_data_source_type=aws_caller_identity tf_rpc=ReadDataSource http.response.header.content_type=text/xml tf_mux_provider="*proto5server.Server" tf_provider_addr=registry.terraform.io/hashicorp/aws http.response.header.date="Sat, 15 Aug 2026 14:41:14 GMT" http.response.header.x_amz_sts_extended_request_id=MTphcC1zb3V0aGVhc3QtMTpTOjE3ODY4MDQ4NzQ4ODI6UjpMTEQ2M1VMNA== http.status_code=200 rpc.system.name=aws-api tf_aws.sdk=aws-sdk-go-v2 timestamp="2026-08-15T22:41:15.480+0800"
2026-08-15T22:41:15.488+0800 [DEBUG] provider.stdio: received EOF, stopping recv loop: err="rpc error: code = Unavailable desc = error reading from server: EOF"
2026-08-15T22:41:15.570+0800 [INFO]  provider: plugin process exited: plugin=.terraform/providers/registry.terraform.io/hashicorp/aws/6.58.0/windows_amd64/terraform-provider-aws_v6.58.0_x5.exe id=1508
2026-08-15T22:41:15.570+0800 [DEBUG] provider: plugin exited
2026-08-15T22:41:15.572+0800 [DEBUG] building apply graph to check for errors
2026-08-15T22:41:15.574+0800 [DEBUG] ProviderTransformer: "data.aws_caller_identity.nway-shoppingcart-console-admin (expand)" (*terraform.nodeExpandApplyableResource) needs provider["registry.terraform.io/hashicorp/aws"]
2026-08-15T22:41:15.575+0800 [DEBUG] ReferenceTransformer: "data.aws_caller_identity.nway-shoppingcart-console-admin (expand)" references: []
2026-08-15T22:41:15.575+0800 [DEBUG] ReferenceTransformer: "output.user_id (expand)" references: [data.aws_caller_identity.nway-shoppingcart-console-admin (expand)]
2026-08-15T22:41:15.575+0800 [DEBUG] ReferenceTransformer: "output.account_id (expand)" references: [data.aws_caller_identity.nway-shoppingcart-console-admin (expand)]
2026-08-15T22:41:15.575+0800 [DEBUG] ReferenceTransformer: "output.arn (expand)" references: [data.aws_caller_identity.nway-shoppingcart-console-admin (expand)]
2026-08-15T22:41:15.575+0800 [DEBUG] ReferenceTransformer: "output.id (expand)" references: [data.aws_caller_identity.nway-shoppingcart-console-admin (expand)]
2026-08-15T22:41:15.575+0800 [DEBUG] ReferenceTransformer: "provider[\"registry.terraform.io/hashicorp/aws\"]" references: []
2026-08-15T22:41:15.575+0800 [INFO]  backend/local: plan operation completed
2026-08-15T22:41:31.048+0800 [INFO]  Terraform version: 1.15.8
2026-08-15T22:41:31.079+0800 [DEBUG] using github.com/hashicorp/go-tfe v1.105.0
2026-08-15T22:41:31.079+0800 [DEBUG] using github.com/hashicorp/hcl/v2 v2.24.0
2026-08-15T22:41:31.079+0800 [DEBUG] using github.com/hashicorp/terraform-svchost v0.2.1
2026-08-15T22:41:31.079+0800 [DEBUG] using github.com/zclconf/go-cty v1.18.0
2026-08-15T22:41:31.079+0800 [INFO]  Go runtime version: go1.25.10
2026-08-15T22:41:31.079+0800 [INFO]  CLI args: []string{"C:\\Program Files\\Terraform\\terraform.exe", "apply", "-auto-approve"}
2026-08-15T22:41:31.084+0800 [DEBUG] Attempting to open CLI config file: C:\Users\hp\AppData\Roaming\terraform.rc
2026-08-15T22:41:31.084+0800 [DEBUG] File doesn't exist, but doesn't need to. Ignoring.
2026-08-15T22:41:31.084+0800 [DEBUG] ignoring non-existing provider search directory terraform.d/plugins
2026-08-15T22:41:31.084+0800 [DEBUG] ignoring non-existing provider search directory C:\Users\hp\AppData\Roaming\terraform.d\plugins
2026-08-15T22:41:31.085+0800 [DEBUG] ignoring non-existing provider search directory C:\Users\hp\AppData\Roaming\HashiCorp\Terraform\plugins
2026-08-15T22:41:31.085+0800 [INFO]  CLI command args: []string{"apply", "-auto-approve"}
2026-08-15T22:41:34.407+0800 [DEBUG] checking for provisioner in "."
2026-08-15T22:41:34.407+0800 [DEBUG] checking for provisioner in "C:\\Program Files\\Terraform"
2026-08-15T22:41:34.410+0800 [INFO]  backend/local: starting Apply operation
2026-08-15T22:41:34.416+0800 [DEBUG] Starting graph walk: walkInit
2026-08-15T22:41:34.419+0800 [DEBUG] created provider logger: level=debug
2026-08-15T22:41:34.419+0800 [INFO]  provider: configuring client automatic mTLS
2026-08-15T22:41:34.431+0800 [DEBUG] provider: starting plugin: path=.terraform/providers/registry.terraform.io/hashicorp/aws/6.58.0/windows_amd64/terraform-provider-aws_v6.58.0_x5.exe args=[".terraform/providers/registry.terraform.io/hashicorp/aws/6.58.0/windows_amd64/terraform-provider-aws_v6.58.0_x5.exe"]
2026-08-15T22:41:34.438+0800 [DEBUG] provider: plugin started: path=.terraform/providers/registry.terraform.io/hashicorp/aws/6.58.0/windows_amd64/terraform-provider-aws_v6.58.0_x5.exe pid=24284
2026-08-15T22:41:34.438+0800 [DEBUG] provider: waiting for RPC address: plugin=.terraform/providers/registry.terraform.io/hashicorp/aws/6.58.0/windows_amd64/terraform-provider-aws_v6.58.0_x5.exe
2026-08-15T22:41:34.557+0800 [DEBUG] provider.terraform-provider-aws_v6.58.0_x5.exe: Starting github.com/hashicorp/terraform-provider-aws@6.58.0 (go1.26.5)...
2026-08-15T22:41:34.557+0800 [DEBUG] provider.terraform-provider-aws_v6.58.0_x5.exe: Creating Terraform AWS Provider (SDKv2-style)...
2026-08-15T22:41:34.557+0800 [DEBUG] provider.terraform-provider-aws_v6.58.0_x5.exe: Initializing Terraform AWS Provider (SDKv2-style)...
2026-08-15T22:41:34.587+0800 [DEBUG] provider.terraform-provider-aws_v6.58.0_x5.exe: Creating Terraform AWS Provider (Framework-style)...
2026-08-15T22:41:34.587+0800 [DEBUG] provider.terraform-provider-aws_v6.58.0_x5.exe: Initializing Terraform AWS Provider (Framework-style)...
2026-08-15T22:41:34.617+0800 [INFO]  provider.terraform-provider-aws_v6.58.0_x5.exe: configuring server automatic mTLS: timestamp="2026-08-15T22:41:34.589+0800"
2026-08-15T22:41:34.628+0800 [DEBUG] provider.terraform-provider-aws_v6.58.0_x5.exe: plugin address: network=tcp address=127.0.0.1:10000 timestamp="2026-08-15T22:41:34.628+0800"
2026-08-15T22:41:34.628+0800 [DEBUG] provider: using plugin: version=5
2026-08-15T22:41:36.391+0800 [DEBUG] provider.stdio: received EOF, stopping recv loop: err="rpc error: code = Unavailable desc = error reading from server: EOF"
2026-08-15T22:41:36.469+0800 [INFO]  provider: plugin process exited: plugin=.terraform/providers/registry.terraform.io/hashicorp/aws/6.58.0/windows_amd64/terraform-provider-aws_v6.58.0_x5.exe id=24284
2026-08-15T22:41:36.469+0800 [DEBUG] provider: plugin exited
2026-08-15T22:41:36.472+0800 [DEBUG] Building and walking validate graph
2026-08-15T22:41:36.473+0800 [DEBUG] ProviderTransformer: "data.aws_caller_identity.nway-shoppingcart-console-admin" (*terraform.NodeValidatableResource) needs provider["registry.terraform.io/hashicorp/aws"]
2026-08-15T22:41:36.474+0800 [DEBUG] ReferenceTransformer: "output.id (expand)" references: [data.aws_caller_identity.nway-shoppingcart-console-admin]
2026-08-15T22:41:36.474+0800 [DEBUG] ReferenceTransformer: "output.user_id (expand)" references: [data.aws_caller_identity.nway-shoppingcart-console-admin]
2026-08-15T22:41:36.474+0800 [DEBUG] ReferenceTransformer: "provider[\"registry.terraform.io/hashicorp/aws\"]" references: []
2026-08-15T22:41:36.474+0800 [DEBUG] ReferenceTransformer: "data.aws_caller_identity.nway-shoppingcart-console-admin" references: []
2026-08-15T22:41:36.474+0800 [DEBUG] ReferenceTransformer: "output.account_id (expand)" references: [data.aws_caller_identity.nway-shoppingcart-console-admin]
2026-08-15T22:41:36.474+0800 [DEBUG] ReferenceTransformer: "output.arn (expand)" references: [data.aws_caller_identity.nway-shoppingcart-console-admin]
2026-08-15T22:41:36.475+0800 [DEBUG] Starting graph walk: walkValidate
2026-08-15T22:41:36.476+0800 [DEBUG] created provider logger: level=debug
2026-08-15T22:41:36.476+0800 [INFO]  provider: configuring client automatic mTLS
2026-08-15T22:41:36.480+0800 [DEBUG] provider: starting plugin: path=.terraform/providers/registry.terraform.io/hashicorp/aws/6.58.0/windows_amd64/terraform-provider-aws_v6.58.0_x5.exe args=[".terraform/providers/registry.terraform.io/hashicorp/aws/6.58.0/windows_amd64/terraform-provider-aws_v6.58.0_x5.exe"]
2026-08-15T22:41:36.486+0800 [DEBUG] provider: plugin started: path=.terraform/providers/registry.terraform.io/hashicorp/aws/6.58.0/windows_amd64/terraform-provider-aws_v6.58.0_x5.exe pid=21384
2026-08-15T22:41:36.486+0800 [DEBUG] provider: waiting for RPC address: plugin=.terraform/providers/registry.terraform.io/hashicorp/aws/6.58.0/windows_amd64/terraform-provider-aws_v6.58.0_x5.exe
2026-08-15T22:41:36.707+0800 [DEBUG] provider.terraform-provider-aws_v6.58.0_x5.exe: Starting github.com/hashicorp/terraform-provider-aws@6.58.0 (go1.26.5)...
2026-08-15T22:41:36.707+0800 [DEBUG] provider.terraform-provider-aws_v6.58.0_x5.exe: Creating Terraform AWS Provider (SDKv2-style)...
2026-08-15T22:41:36.707+0800 [DEBUG] provider.terraform-provider-aws_v6.58.0_x5.exe: Initializing Terraform AWS Provider (SDKv2-style)...
2026-08-15T22:41:36.729+0800 [DEBUG] provider.terraform-provider-aws_v6.58.0_x5.exe: Creating Terraform AWS Provider (Framework-style)...
2026-08-15T22:41:36.734+0800 [DEBUG] provider.terraform-provider-aws_v6.58.0_x5.exe: Initializing Terraform AWS Provider (Framework-style)...
2026-08-15T22:41:36.766+0800 [INFO]  provider.terraform-provider-aws_v6.58.0_x5.exe: configuring server automatic mTLS: timestamp="2026-08-15T22:41:36.736+0800"
2026-08-15T22:41:36.777+0800 [DEBUG] provider.terraform-provider-aws_v6.58.0_x5.exe: plugin address: address=127.0.0.1:10000 network=tcp timestamp="2026-08-15T22:41:36.777+0800"
2026-08-15T22:41:36.777+0800 [DEBUG] provider: using plugin: version=5
2026-08-15T22:41:36.909+0800 [DEBUG] provider.stdio: received EOF, stopping recv loop: err="rpc error: code = Unavailable desc = error reading from server: EOF"
2026-08-15T22:41:36.958+0800 [INFO]  provider: plugin process exited: plugin=.terraform/providers/registry.terraform.io/hashicorp/aws/6.58.0/windows_amd64/terraform-provider-aws_v6.58.0_x5.exe id=21384
2026-08-15T22:41:36.958+0800 [DEBUG] provider: plugin exited
2026-08-15T22:41:36.958+0800 [INFO]  backend/local: apply calling Plan
2026-08-15T22:41:36.959+0800 [DEBUG] Building and walking plan graph for NormalMode
2026-08-15T22:41:36.961+0800 [DEBUG] ProviderTransformer: "data.aws_caller_identity.nway-shoppingcart-console-admin (expand)" (*terraform.nodeExpandPlannableResource) needs provider["registry.terraform.io/hashicorp/aws"]
2026-08-15T22:41:36.961+0800 [DEBUG] ReferenceTransformer: "data.aws_caller_identity.nway-shoppingcart-console-admin (expand)" references: []
2026-08-15T22:41:36.961+0800 [DEBUG] ReferenceTransformer: "output.account_id (expand)" references: [data.aws_caller_identity.nway-shoppingcart-console-admin (expand)]
2026-08-15T22:41:36.961+0800 [DEBUG] ReferenceTransformer: "output.arn (expand)" references: [data.aws_caller_identity.nway-shoppingcart-console-admin (expand)]
2026-08-15T22:41:36.961+0800 [DEBUG] ReferenceTransformer: "output.id (expand)" references: [data.aws_caller_identity.nway-shoppingcart-console-admin (expand)]
2026-08-15T22:41:36.961+0800 [DEBUG] ReferenceTransformer: "output.user_id (expand)" references: [data.aws_caller_identity.nway-shoppingcart-console-admin (expand)]
2026-08-15T22:41:36.962+0800 [DEBUG] ReferenceTransformer: "provider[\"registry.terraform.io/hashicorp/aws\"]" references: []
2026-08-15T22:41:36.962+0800 [DEBUG] Starting graph walk: walkPlan
2026-08-15T22:41:36.962+0800 [DEBUG] created provider logger: level=debug
2026-08-15T22:41:36.962+0800 [INFO]  provider: configuring client automatic mTLS
2026-08-15T22:41:36.966+0800 [DEBUG] provider: starting plugin: path=.terraform/providers/registry.terraform.io/hashicorp/aws/6.58.0/windows_amd64/terraform-provider-aws_v6.58.0_x5.exe args=[".terraform/providers/registry.terraform.io/hashicorp/aws/6.58.0/windows_amd64/terraform-provider-aws_v6.58.0_x5.exe"]
2026-08-15T22:41:36.974+0800 [DEBUG] provider: plugin started: path=.terraform/providers/registry.terraform.io/hashicorp/aws/6.58.0/windows_amd64/terraform-provider-aws_v6.58.0_x5.exe pid=22760
2026-08-15T22:41:36.974+0800 [DEBUG] provider: waiting for RPC address: plugin=.terraform/providers/registry.terraform.io/hashicorp/aws/6.58.0/windows_amd64/terraform-provider-aws_v6.58.0_x5.exe
2026-08-15T22:41:37.094+0800 [DEBUG] provider.terraform-provider-aws_v6.58.0_x5.exe: Starting github.com/hashicorp/terraform-provider-aws@6.58.0 (go1.26.5)...
2026-08-15T22:41:37.094+0800 [DEBUG] provider.terraform-provider-aws_v6.58.0_x5.exe: Creating Terraform AWS Provider (SDKv2-style)...
2026-08-15T22:41:37.094+0800 [DEBUG] provider.terraform-provider-aws_v6.58.0_x5.exe: Initializing Terraform AWS Provider (SDKv2-style)...
2026-08-15T22:41:37.121+0800 [DEBUG] provider.terraform-provider-aws_v6.58.0_x5.exe: Creating Terraform AWS Provider (Framework-style)...
2026-08-15T22:41:37.123+0800 [DEBUG] provider.terraform-provider-aws_v6.58.0_x5.exe: Initializing Terraform AWS Provider (Framework-style)...
2026-08-15T22:41:37.151+0800 [INFO]  provider.terraform-provider-aws_v6.58.0_x5.exe: configuring server automatic mTLS: timestamp="2026-08-15T22:41:37.125+0800"
2026-08-15T22:41:37.162+0800 [DEBUG] provider.terraform-provider-aws_v6.58.0_x5.exe: plugin address: address=127.0.0.1:10000 network=tcp timestamp="2026-08-15T22:41:37.162+0800"
2026-08-15T22:41:37.163+0800 [DEBUG] provider: using plugin: version=5
2026-08-15T22:41:37.259+0800 [DEBUG] provider.terraform-provider-aws_v6.58.0_x5.exe: Configuring Terraform AWS Provider: tf_mux_provider="*schema.GRPCProviderServer" tf_provider_addr=registry.terraform.io/hashicorp/aws tf_rpc=ConfigureProvider @caller=github.com/hashicorp/terraform-provider-aws/internal/conns/config.go:150 tf_req_id=8241e555-ac1f-1aed-96f9-ff64c3e4cfb0 @module=aws timestamp="2026-08-15T22:41:37.259+0800"
2026-08-15T22:41:37.260+0800 [DEBUG] provider.terraform-provider-aws_v6.58.0_x5.exe: Resolving credentials provider: tf_rpc=ConfigureProvider @caller=github.com/hashicorp/aws-sdk-go-base/v2@v2.0.0-beta.73/logging/tf_logger.go:47 @module=aws.aws-base tf_req_id=8241e555-ac1f-1aed-96f9-ff64c3e4cfb0 tf_mux_provider="*schema.GRPCProviderServer" tf_provider_addr=registry.terraform.io/hashicorp/aws timestamp="2026-08-15T22:41:37.260+0800"
2026-08-15T22:41:37.304+0800 [DEBUG] provider.terraform-provider-aws_v6.58.0_x5.exe: Setting profile: tf_provider_addr=registry.terraform.io/hashicorp/aws tf_rpc=ConfigureProvider @caller=github.com/hashicorp/aws-sdk-go-base/v2@v2.0.0-beta.73/logging/tf_logger.go:47 tf_aws.profile=nway-shoppingcart-console-admin tf_aws.profile.source=provider tf_mux_provider="*schema.GRPCProviderServer" tf_req_id=8241e555-ac1f-1aed-96f9-ff64c3e4cfb0 @module=aws.aws-base timestamp="2026-08-15T22:41:37.304+0800"
2026-08-15T22:41:37.306+0800 [DEBUG] provider.terraform-provider-aws_v6.58.0_x5.exe: Loading configuration: @module=aws.aws-base tf_provider_addr=registry.terraform.io/hashicorp/aws tf_mux_provider="*schema.GRPCProviderServer" tf_req_id=8241e555-ac1f-1aed-96f9-ff64c3e4cfb0 tf_rpc=ConfigureProvider @caller=github.com/hashicorp/aws-sdk-go-base/v2@v2.0.0-beta.73/logging/tf_logger.go:47 timestamp="2026-08-15T22:41:37.304+0800"
2026-08-15T22:41:37.311+0800 [DEBUG] provider.terraform-provider-aws_v6.58.0_x5.exe: Retrieving credentials: @caller=github.com/hashicorp/aws-sdk-go-base/v2@v2.0.0-beta.73/logging/tf_logger.go:47 tf_mux_provider="*schema.GRPCProviderServer" tf_provider_addr=registry.terraform.io/hashicorp/aws tf_rpc=ConfigureProvider @module=aws.aws-base tf_req_id=8241e555-ac1f-1aed-96f9-ff64c3e4cfb0 timestamp="2026-08-15T22:41:37.311+0800"
2026-08-15T22:41:37.311+0800 [INFO]  provider.terraform-provider-aws_v6.58.0_x5.exe: Retrieved credentials: @module=aws.aws-base tf_aws.credentials_source="SharedConfigCredentials: C:\Users\hp\.aws\credentials" tf_mux_provider="*schema.GRPCProviderServer" tf_provider_addr=registry.terraform.io/hashicorp/aws tf_req_id=8241e555-ac1f-1aed-96f9-ff64c3e4cfb0 tf_rpc=ConfigureProvider @caller=github.com/hashicorp/aws-sdk-go-base/v2@v2.0.0-beta.73/logging/tf_logger.go:39 timestamp="2026-08-15T22:41:37.311+0800"
2026-08-15T22:41:37.312+0800 [DEBUG] provider.terraform-provider-aws_v6.58.0_x5.exe: Loading configuration: tf_req_id=8241e555-ac1f-1aed-96f9-ff64c3e4cfb0 tf_rpc=ConfigureProvider @caller=github.com/hashicorp/aws-sdk-go-base/v2@v2.0.0-beta.73/logging/tf_logger.go:47 tf_mux_provider="*schema.GRPCProviderServer" tf_provider_addr=registry.terraform.io/hashicorp/aws @module=aws.aws-base timestamp="2026-08-15T22:41:37.311+0800"
2026-08-15T22:41:37.312+0800 [DEBUG] provider.terraform-provider-aws_v6.58.0_x5.exe: Retrieving AWS account details: tf_rpc=ConfigureProvider @caller=github.com/hashicorp/terraform-provider-aws/internal/conns/config.go:188 tf_mux_provider="*schema.GRPCProviderServer" tf_provider_addr=registry.terraform.io/hashicorp/aws tf_req_id=8241e555-ac1f-1aed-96f9-ff64c3e4cfb0 @module=aws timestamp="2026-08-15T22:41:37.312+0800"
2026-08-15T22:41:37.312+0800 [DEBUG] provider.terraform-provider-aws_v6.58.0_x5.exe: Retrieving caller identity from STS: @caller=github.com/hashicorp/aws-sdk-go-base/v2@v2.0.0-beta.73/logging/tf_logger.go:47 tf_provider_addr=registry.terraform.io/hashicorp/aws @module=aws.aws-base tf_mux_provider="*schema.GRPCProviderServer" tf_req_id=8241e555-ac1f-1aed-96f9-ff64c3e4cfb0 tf_rpc=ConfigureProvider timestamp="2026-08-15T22:41:37.312+0800"
2026-08-15T22:41:37.353+0800 [DEBUG] provider.terraform-provider-aws_v6.58.0_x5.exe: HTTP Request Sent: @caller=github.com/hashicorp/aws-sdk-go-base/v2@v2.0.0-beta.73/logging/tf_logger.go:47 aws.region=ap-southeast-1 http.request.header.content_type=application/x-www-form-urlencoded tf_req_id=8241e555-ac1f-1aed-96f9-ff64c3e4cfb0 tf_rpc=ConfigureProvider http.method=POST http.request.header.amz_sdk_request="attempt=1; max=25" http.request.header.authorization="AWS4-HMAC-SHA256 Credential=AKIA************FBN3/20260815/ap-southeast-1/sts/aws4_request, SignedHeaders=amz-sdk-invocation-id;amz-sdk-request;content-length;content-type;host;x-amz-date, Signature=*****" http.request.header.x_amz_date=20260815T144137Z http.request_content_length=43 net.peer.name=sts.ap-southeast-1.amazonaws.com rpc.method=STS/GetCallerIdentity @module=aws.aws-base
  http.request.body=
  | Action=GetCallerIdentity&Version=2011-06-15
   http.request.header.amz_sdk_invocation_id=fcb260ce-63b6-4daf-8e04-3429e312eb1d http.url=https://sts.ap-southeast-1.amazonaws.com/ http.user_agent="APN/1.0 HashiCorp/1.0 Terraform/1.15.8 (+https://www.terraform.io) terraform-provider-aws/6.58.0 (+https://registry.terraform.io/providers/hashicorp/aws) aws-sdk-go-v2/1.43.2 ua/2.1 os/windows lang/go#1.26.5 md/GOOS#windows md/GOARCH#amd64 api/sts#1.45.2 m/n" rpc.system.name=aws-api tf_aws.sdk=aws-sdk-go-v2 tf_aws.signing_region="" tf_mux_provider="*schema.GRPCProviderServer" tf_provider_addr=registry.terraform.io/hashicorp/aws timestamp="2026-08-15T22:41:37.346+0800"
2026-08-15T22:41:37.518+0800 [DEBUG] provider.terraform-provider-aws_v6.58.0_x5.exe: HTTP Response Received:
  http.response.body=
  | <GetCallerIdentityResponse xmlns="https://sts.amazonaws.com/doc/2011-06-15/">
  |   <GetCallerIdentityResult>
  |     <Arn>arn:aws:iam::223702251106:user/nway-shoppingcart-console-admin</Arn>
  |     <UserId>AIDA*************NCGP</UserId>
  |     <Account>223702251106</Account>
  |   </GetCallerIdentityResult>
  |   <ResponseMetadata>
  |     <RequestId>c97c0098-25c0-46af-bfe4-a39ff07d78c3</RequestId>
  |   </ResponseMetadata>
  | </GetCallerIdentityResponse>
   http.response.header.date="Sat, 15 Aug 2026 14:41:36 GMT" http.status_code=200 rpc.method=STS/GetCallerIdentity rpc.system.name=aws-api tf_aws.sdk=aws-sdk-go-v2 tf_rpc=ConfigureProvider http.response.header.x_amzn_requestid=c97c0098-25c0-46af-bfe4-a39ff07d78c3 tf_mux_provider="*schema.GRPCProviderServer" @caller=github.com/hashicorp/aws-sdk-go-base/v2@v2.0.0-beta.73/logging/tf_logger.go:47 aws.region=ap-southeast-1 http.duration=172 http.response.header.content_type=text/xml http.response.header.x_amz_sts_extended_request_id=MTphcC1zb3V0aGVhc3QtMTpTOjE3ODY4MDQ4OTY5MTc6UjpvSGN5ZHhrcA== http.response_content_length=428 tf_aws.signing_region="" @module=aws.aws-base tf_provider_addr=registry.terraform.io/hashicorp/aws tf_req_id=8241e555-ac1f-1aed-96f9-ff64c3e4cfb0 timestamp="2026-08-15T22:41:37.518+0800"
2026-08-15T22:41:37.523+0800 [INFO]  provider.terraform-provider-aws_v6.58.0_x5.exe: Retrieved caller identity from STS: @caller=github.com/hashicorp/aws-sdk-go-base/v2@v2.0.0-beta.73/logging/tf_logger.go:39 @module=aws.aws-base tf_mux_provider="*schema.GRPCProviderServer" tf_req_id=8241e555-ac1f-1aed-96f9-ff64c3e4cfb0 tf_provider_addr=registry.terraform.io/hashicorp/aws tf_rpc=ConfigureProvider timestamp="2026-08-15T22:41:37.523+0800"
2026-08-15T22:41:37.528+0800 [DEBUG] ReferenceTransformer: "data.aws_caller_identity.nway-shoppingcart-console-admin" references: []
2026-08-15T22:41:37.569+0800 [DEBUG] provider.terraform-provider-aws_v6.58.0_x5.exe: HTTP Request Sent: aws.region=ap-southeast-1 http.request.header.amz_sdk_invocation_id=4dd89ac4-1d1b-4270-99ef-11b511294666 tf_aws.sdk=aws-sdk-go-v2 tf_aws.signing_region="" tf_mux_provider="*proto5server.Server" tf_req_id=65ef3ac1-1e6a-b897-89b0-c4593b6ae85f
  http.request.body=
  | Action=GetCallerIdentity&Version=2011-06-15
   http.request.header.content_type=application/x-www-form-urlencoded http.request.header.x_amz_date=20260815T144137Z rpc.system.name=aws-api tf_provider_addr=registry.terraform.io/hashicorp/aws tf_rpc=ReadDataSource @module=aws http.method=POST http.request.header.authorization="AWS4-HMAC-SHA256 Credential=AKIA************FBN3/20260815/ap-southeast-1/sts/aws4_request, SignedHeaders=amz-sdk-invocation-id;amz-sdk-request;content-length;content-type;host;x-amz-date, Signature=*****" http.user_agent="APN/1.0 HashiCorp/1.0 Terraform/1.15.8 (+https://www.terraform.io) terraform-provider-aws/6.58.0 (+https://registry.terraform.io/providers/hashicorp/aws) aws-sdk-go-v2/1.43.2 ua/2.1 os/windows lang/go#1.26.5 md/GOOS#windows md/GOARCH#amd64 api/sts#1.45.2 m/n" net.peer.name=sts.ap-southeast-1.amazonaws.com rpc.method=STS/GetCallerIdentity @caller=github.com/hashicorp/aws-sdk-go-base/v2@v2.0.0-beta.73/logging/tf_logger.go:45 http.request.header.amz_sdk_request="attempt=1; max=25" http.request_content_length=43 http.url=https://sts.ap-southeast-1.amazonaws.com/ tf_data_source_type=aws_caller_identity timestamp="2026-08-15T22:41:37.569+0800"
2026-08-15T22:41:37.579+0800 [DEBUG] provider.terraform-provider-aws_v6.58.0_x5.exe: HTTP Response Received: tf_provider_addr=registry.terraform.io/hashicorp/aws aws.region=ap-southeast-1 http.response.header.x_amzn_requestid=1634fad9-98c3-4c52-9a70-909d0f671234 http.response_content_length=428 rpc.system.name=aws-api tf_aws.signing_region="" tf_req_id=65ef3ac1-1e6a-b897-89b0-c4593b6ae85f tf_rpc=ReadDataSource @module=aws http.duration=9 http.response.header.content_type=text/xml http.response.header.date="Sat, 15 Aug 2026 14:41:36 GMT" @caller=github.com/hashicorp/aws-sdk-go-base/v2@v2.0.0-beta.73/logging/tf_logger.go:45 http.status_code=200 rpc.method=STS/GetCallerIdentity tf_aws.sdk=aws-sdk-go-v2
  http.response.body=
  | <GetCallerIdentityResponse xmlns="https://sts.amazonaws.com/doc/2011-06-15/">
  |   <GetCallerIdentityResult>
  |     <Arn>arn:aws:iam::223702251106:user/nway-shoppingcart-console-admin</Arn>
  |     <UserId>AIDA*************NCGP</UserId>
  |     <Account>223702251106</Account>
  |   </GetCallerIdentityResult>
  |   <ResponseMetadata>
  |     <RequestId>1634fad9-98c3-4c52-9a70-909d0f671234</RequestId>
  |   </ResponseMetadata>
  | </GetCallerIdentityResponse>
   http.response.header.x_amz_sts_extended_request_id=MTphcC1zb3V0aGVhc3QtMTpTOjE3ODY4MDQ4OTY5ODE6UjpLcXdxeHo4Mg== tf_data_source_type=aws_caller_identity tf_mux_provider="*proto5server.Server" timestamp="2026-08-15T22:41:37.579+0800"
2026-08-15T22:41:37.584+0800 [DEBUG] provider.stdio: received EOF, stopping recv loop: err="rpc error: code = Unavailable desc = error reading from server: EOF"
2026-08-15T22:41:37.640+0800 [INFO]  provider: plugin process exited: plugin=.terraform/providers/registry.terraform.io/hashicorp/aws/6.58.0/windows_amd64/terraform-provider-aws_v6.58.0_x5.exe id=22760
2026-08-15T22:41:37.640+0800 [DEBUG] provider: plugin exited
2026-08-15T22:41:37.642+0800 [DEBUG] building apply graph to check for errors
2026-08-15T22:41:37.643+0800 [DEBUG] ProviderTransformer: "data.aws_caller_identity.nway-shoppingcart-console-admin (expand)" (*terraform.nodeExpandApplyableResource) needs provider["registry.terraform.io/hashicorp/aws"]
2026-08-15T22:41:37.644+0800 [DEBUG] ReferenceTransformer: "data.aws_caller_identity.nway-shoppingcart-console-admin (expand)" references: []
2026-08-15T22:41:37.644+0800 [DEBUG] ReferenceTransformer: "output.account_id (expand)" references: [data.aws_caller_identity.nway-shoppingcart-console-admin (expand)]
2026-08-15T22:41:37.644+0800 [DEBUG] ReferenceTransformer: "output.arn (expand)" references: [data.aws_caller_identity.nway-shoppingcart-console-admin (expand)]
2026-08-15T22:41:37.644+0800 [DEBUG] ReferenceTransformer: "output.id (expand)" references: [data.aws_caller_identity.nway-shoppingcart-console-admin (expand)]
2026-08-15T22:41:37.644+0800 [DEBUG] ReferenceTransformer: "output.user_id (expand)" references: [data.aws_caller_identity.nway-shoppingcart-console-admin (expand)]
2026-08-15T22:41:37.644+0800 [DEBUG] ReferenceTransformer: "provider[\"registry.terraform.io/hashicorp/aws\"]" references: []
2026-08-15T22:41:37.798+0800 [INFO]  backend/local: apply calling Apply
2026-08-15T22:41:37.798+0800 [DEBUG] Building and walking apply graph for NormalMode plan
2026-08-15T22:41:37.798+0800 [DEBUG] ProviderTransformer: "data.aws_caller_identity.nway-shoppingcart-console-admin (expand)" (*terraform.nodeExpandApplyableResource) needs provider["registry.terraform.io/hashicorp/aws"]
2026-08-15T22:41:37.798+0800 [DEBUG] ReferenceTransformer: "data.aws_caller_identity.nway-shoppingcart-console-admin (expand)" references: []
2026-08-15T22:41:37.798+0800 [DEBUG] ReferenceTransformer: "output.arn (expand)" references: [data.aws_caller_identity.nway-shoppingcart-console-admin (expand)]
2026-08-15T22:41:37.798+0800 [DEBUG] ReferenceTransformer: "output.id (expand)" references: [data.aws_caller_identity.nway-shoppingcart-console-admin (expand)]
2026-08-15T22:41:37.798+0800 [DEBUG] ReferenceTransformer: "output.user_id (expand)" references: [data.aws_caller_identity.nway-shoppingcart-console-admin (expand)]
2026-08-15T22:41:37.798+0800 [DEBUG] ReferenceTransformer: "output.account_id (expand)" references: [data.aws_caller_identity.nway-shoppingcart-console-admin (expand)]
2026-08-15T22:41:37.798+0800 [DEBUG] ReferenceTransformer: "provider[\"registry.terraform.io/hashicorp/aws\"]" references: []
2026-08-15T22:41:37.798+0800 [DEBUG] Starting graph walk: walkApply
2026-08-15T22:41:37.798+0800 [DEBUG] created provider logger: level=debug
2026-08-15T22:41:37.798+0800 [INFO]  provider: configuring client automatic mTLS
2026-08-15T22:41:37.803+0800 [DEBUG] provider: starting plugin: path=.terraform/providers/registry.terraform.io/hashicorp/aws/6.58.0/windows_amd64/terraform-provider-aws_v6.58.0_x5.exe args=[".terraform/providers/registry.terraform.io/hashicorp/aws/6.58.0/windows_amd64/terraform-provider-aws_v6.58.0_x5.exe"]
2026-08-15T22:41:37.810+0800 [DEBUG] provider: plugin started: path=.terraform/providers/registry.terraform.io/hashicorp/aws/6.58.0/windows_amd64/terraform-provider-aws_v6.58.0_x5.exe pid=16188
2026-08-15T22:41:37.810+0800 [DEBUG] provider: waiting for RPC address: plugin=.terraform/providers/registry.terraform.io/hashicorp/aws/6.58.0/windows_amd64/terraform-provider-aws_v6.58.0_x5.exe
2026-08-15T22:41:37.941+0800 [DEBUG] provider.terraform-provider-aws_v6.58.0_x5.exe: Starting github.com/hashicorp/terraform-provider-aws@6.58.0 (go1.26.5)...
2026-08-15T22:41:37.942+0800 [DEBUG] provider.terraform-provider-aws_v6.58.0_x5.exe: Creating Terraform AWS Provider (SDKv2-style)...
2026-08-15T22:41:37.942+0800 [DEBUG] provider.terraform-provider-aws_v6.58.0_x5.exe: Initializing Terraform AWS Provider (SDKv2-style)...
2026-08-15T22:41:37.975+0800 [DEBUG] provider.terraform-provider-aws_v6.58.0_x5.exe: Creating Terraform AWS Provider (Framework-style)...
2026-08-15T22:41:37.976+0800 [DEBUG] provider.terraform-provider-aws_v6.58.0_x5.exe: Initializing Terraform AWS Provider (Framework-style)...
2026-08-15T22:41:38.011+0800 [INFO]  provider.terraform-provider-aws_v6.58.0_x5.exe: configuring server automatic mTLS: timestamp="2026-08-15T22:41:37.978+0800"
2026-08-15T22:41:38.024+0800 [DEBUG] provider: using plugin: version=5
2026-08-15T22:41:38.024+0800 [DEBUG] provider.terraform-provider-aws_v6.58.0_x5.exe: plugin address: address=127.0.0.1:10000 network=tcp timestamp="2026-08-15T22:41:38.024+0800"
2026-08-15T22:41:38.133+0800 [DEBUG] provider.terraform-provider-aws_v6.58.0_x5.exe: Configuring Terraform AWS Provider: @caller=github.com/hashicorp/terraform-provider-aws/internal/conns/config.go:150 @module=aws tf_mux_provider="*schema.GRPCProviderServer" tf_req_id=7c253a2f-0ef5-9c09-d2a2-65617a225cbc tf_rpc=ConfigureProvider tf_provider_addr=registry.terraform.io/hashicorp/aws timestamp="2026-08-15T22:41:38.133+0800"
2026-08-15T22:41:38.133+0800 [DEBUG] provider.terraform-provider-aws_v6.58.0_x5.exe: Resolving credentials provider: @caller=github.com/hashicorp/aws-sdk-go-base/v2@v2.0.0-beta.73/logging/tf_logger.go:47 @module=aws.aws-base tf_provider_addr=registry.terraform.io/hashicorp/aws tf_rpc=ConfigureProvider tf_mux_provider="*schema.GRPCProviderServer" tf_req_id=7c253a2f-0ef5-9c09-d2a2-65617a225cbc timestamp="2026-08-15T22:41:38.133+0800"
2026-08-15T22:41:38.133+0800 [DEBUG] provider.terraform-provider-aws_v6.58.0_x5.exe: Setting profile: tf_aws.profile.source=provider tf_mux_provider="*schema.GRPCProviderServer" tf_provider_addr=registry.terraform.io/hashicorp/aws @module=aws.aws-base tf_req_id=7c253a2f-0ef5-9c09-d2a2-65617a225cbc tf_rpc=ConfigureProvider @caller=github.com/hashicorp/aws-sdk-go-base/v2@v2.0.0-beta.73/logging/tf_logger.go:47 tf_aws.profile=nway-shoppingcart-console-admin timestamp="2026-08-15T22:41:38.133+0800"
2026-08-15T22:41:38.133+0800 [DEBUG] provider.terraform-provider-aws_v6.58.0_x5.exe: Loading configuration: @module=aws.aws-base tf_provider_addr=registry.terraform.io/hashicorp/aws tf_req_id=7c253a2f-0ef5-9c09-d2a2-65617a225cbc tf_rpc=ConfigureProvider tf_mux_provider="*schema.GRPCProviderServer" @caller=github.com/hashicorp/aws-sdk-go-base/v2@v2.0.0-beta.73/logging/tf_logger.go:47 timestamp="2026-08-15T22:41:38.133+0800"
2026-08-15T22:41:38.134+0800 [DEBUG] provider.terraform-provider-aws_v6.58.0_x5.exe: Retrieving credentials: @module=aws.aws-base tf_mux_provider="*schema.GRPCProviderServer" tf_provider_addr=registry.terraform.io/hashicorp/aws @caller=github.com/hashicorp/aws-sdk-go-base/v2@v2.0.0-beta.73/logging/tf_logger.go:47 tf_req_id=7c253a2f-0ef5-9c09-d2a2-65617a225cbc tf_rpc=ConfigureProvider timestamp="2026-08-15T22:41:38.134+0800"
2026-08-15T22:41:38.134+0800 [INFO]  provider.terraform-provider-aws_v6.58.0_x5.exe: Retrieved credentials: @caller=github.com/hashicorp/aws-sdk-go-base/v2@v2.0.0-beta.73/logging/tf_logger.go:39 @module=aws.aws-base tf_mux_provider="*schema.GRPCProviderServer" tf_rpc=ConfigureProvider tf_aws.credentials_source="SharedConfigCredentials: C:\Users\hp\.aws\credentials" tf_provider_addr=registry.terraform.io/hashicorp/aws tf_req_id=7c253a2f-0ef5-9c09-d2a2-65617a225cbc timestamp="2026-08-15T22:41:38.134+0800"
2026-08-15T22:41:38.134+0800 [DEBUG] provider.terraform-provider-aws_v6.58.0_x5.exe: Loading configuration: @module=aws.aws-base tf_mux_provider="*schema.GRPCProviderServer" @caller=github.com/hashicorp/aws-sdk-go-base/v2@v2.0.0-beta.73/logging/tf_logger.go:47 tf_provider_addr=registry.terraform.io/hashicorp/aws tf_req_id=7c253a2f-0ef5-9c09-d2a2-65617a225cbc tf_rpc=ConfigureProvider timestamp="2026-08-15T22:41:38.134+0800"
2026-08-15T22:41:38.134+0800 [DEBUG] provider.terraform-provider-aws_v6.58.0_x5.exe: Retrieving AWS account details: @caller=github.com/hashicorp/terraform-provider-aws/internal/conns/config.go:188 @module=aws tf_req_id=7c253a2f-0ef5-9c09-d2a2-65617a225cbc tf_mux_provider="*schema.GRPCProviderServer" tf_provider_addr=registry.terraform.io/hashicorp/aws tf_rpc=ConfigureProvider timestamp="2026-08-15T22:41:38.134+0800"
2026-08-15T22:41:38.134+0800 [DEBUG] provider.terraform-provider-aws_v6.58.0_x5.exe: Retrieving caller identity from STS: tf_rpc=ConfigureProvider tf_req_id=7c253a2f-0ef5-9c09-d2a2-65617a225cbc @caller=github.com/hashicorp/aws-sdk-go-base/v2@v2.0.0-beta.73/logging/tf_logger.go:47 @module=aws.aws-base tf_mux_provider="*schema.GRPCProviderServer" tf_provider_addr=registry.terraform.io/hashicorp/aws timestamp="2026-08-15T22:41:38.134+0800"
2026-08-15T22:41:38.135+0800 [DEBUG] provider.terraform-provider-aws_v6.58.0_x5.exe: HTTP Request Sent: @caller=github.com/hashicorp/aws-sdk-go-base/v2@v2.0.0-beta.73/logging/tf_logger.go:47 aws.region=ap-southeast-1 http.request.header.amz_sdk_invocation_id=0a8bbcd4-d988-417f-849b-0aad3dd65ead rpc.method=STS/GetCallerIdentity rpc.system.name=aws-api tf_aws.signing_region="" http.method=POST
  http.request.body=
  | Action=GetCallerIdentity&Version=2011-06-15
   http.request.header.authorization="AWS4-HMAC-SHA256 Credential=AKIA************FBN3/20260815/ap-southeast-1/sts/aws4_request, SignedHeaders=amz-sdk-invocation-id;amz-sdk-request;content-length;content-type;host;x-amz-date, Signature=*****" http.request.header.x_amz_date=20260815T144138Z http.request_content_length=43 http.url=https://sts.ap-southeast-1.amazonaws.com/ tf_aws.sdk=aws-sdk-go-v2 http.request.header.amz_sdk_request="attempt=1; max=25" http.user_agent="APN/1.0 HashiCorp/1.0 Terraform/1.15.8 (+https://www.terraform.io) terraform-provider-aws/6.58.0 (+https://registry.terraform.io/providers/hashicorp/aws) aws-sdk-go-v2/1.43.2 ua/2.1 os/windows lang/go#1.26.5 md/GOOS#windows md/GOARCH#amd64 api/sts#1.45.2 m/n" tf_provider_addr=registry.terraform.io/hashicorp/aws tf_req_id=7c253a2f-0ef5-9c09-d2a2-65617a225cbc tf_rpc=ConfigureProvider @module=aws.aws-base http.request.header.content_type=application/x-www-form-urlencoded net.peer.name=sts.ap-southeast-1.amazonaws.com tf_mux_provider="*schema.GRPCProviderServer" timestamp="2026-08-15T22:41:38.135+0800"
2026-08-15T22:41:38.218+0800 [DEBUG] provider.terraform-provider-aws_v6.58.0_x5.exe: HTTP Response Received: http.response.header.x_amzn_requestid=4885dfe2-f3b5-41f8-8768-496952d3886f http.response_content_length=428 tf_aws.signing_region="" @caller=github.com/hashicorp/aws-sdk-go-base/v2@v2.0.0-beta.73/logging/tf_logger.go:47
  http.response.body=
  | <GetCallerIdentityResponse xmlns="https://sts.amazonaws.com/doc/2011-06-15/">
  |   <GetCallerIdentityResult>
  |     <Arn>arn:aws:iam::223702251106:user/nway-shoppingcart-console-admin</Arn>
  |     <UserId>AIDA*************NCGP</UserId>
  |     <Account>223702251106</Account>
  |   </GetCallerIdentityResult>
  |   <ResponseMetadata>
  |     <RequestId>4885dfe2-f3b5-41f8-8768-496952d3886f</RequestId>
  |   </ResponseMetadata>
  | </GetCallerIdentityResponse>
   http.response.header.date="Sat, 15 Aug 2026 14:41:37 GMT" http.status_code=200 rpc.system.name=aws-api @module=aws.aws-base aws.region=ap-southeast-1 http.duration=83 rpc.method=STS/GetCallerIdentity tf_provider_addr=registry.terraform.io/hashicorp/aws tf_rpc=ConfigureProvider http.response.header.content_type=text/xml http.response.header.x_amz_sts_extended_request_id=MTphcC1zb3V0aGVhc3QtMTpTOjE3ODY4MDQ4OTc2MTY6UjpONGRLOVpleg== tf_aws.sdk=aws-sdk-go-v2 tf_mux_provider="*schema.GRPCProviderServer" tf_req_id=7c253a2f-0ef5-9c09-d2a2-65617a225cbc timestamp="2026-08-15T22:41:38.218+0800"
2026-08-15T22:41:38.218+0800 [INFO]  provider.terraform-provider-aws_v6.58.0_x5.exe: Retrieved caller identity from STS: @caller=github.com/hashicorp/aws-sdk-go-base/v2@v2.0.0-beta.73/logging/tf_logger.go:39 @module=aws.aws-base tf_req_id=7c253a2f-0ef5-9c09-d2a2-65617a225cbc tf_mux_provider="*schema.GRPCProviderServer" tf_provider_addr=registry.terraform.io/hashicorp/aws tf_rpc=ConfigureProvider timestamp="2026-08-15T22:41:38.218+0800"
2026-08-15T22:41:38.222+0800 [DEBUG] provider.stdio: received EOF, stopping recv loop: err="rpc error: code = Unavailable desc = error reading from server: EOF"
2026-08-15T22:41:38.246+0800 [INFO]  provider: plugin process exited: plugin=.terraform/providers/registry.terraform.io/hashicorp/aws/6.58.0/windows_amd64/terraform-provider-aws_v6.58.0_x5.exe id=16188
2026-08-15T22:41:38.246+0800 [DEBUG] provider: plugin exited
